source,target,hamming
AIAGRGWWM,AIFGIGVSM,4
AIAGRGWWM,AIGGFGLWM,3
AIAGRGWWM,AILGFGCGM,4
AIAGRGWWM,AILGFGDQM,4
AIAGRGWWM,AILGFGGWM,3
AIAGRGWWM,AILGFGNFM,4
AIAGRGWWM,AILGFGVGM,4
AIAGRGWWM,AILGMGSPM,4
AIAGRGWWM,AIVGFGSGM,4
AIAGRGWWM,AIWDRGLLM,4
AIAGRGWWM,AIYARGFWM,3
AIAGRGWWM,AIYGRGVVM,3
AIAGRGWWM,AIYGVGIAM,4
AIAGRGWWM,AMYGRGWWM,2
AIAGRGWWM,GILGFGLWM,4
AIAGRGWWM,LIVGFGFWM,4
AIAGRGWWM,TIVGFGLWM,4
AIFGIGVSM,AIGGFGLWM,4
AIFGIGVSM,AILGFGCGM,4
AIFGIGVSM,AILGFGCSL,4
AIFGIGVSM,AILGFGDQM,4
AIFGIGVSM,AILGFGGWM,4
AIFGIGVSM,AILGFGNFM,4
AIFGIGVSM,AILGFGVGM,3
AIFGIGVSM,AILGMGSPM,4
AIFGIGVSM,AIVGFGSGM,4
AIFGIGVSM,AIYGRGVVM,3
AIFGIGVSM,AIYGVGIAM,4
AIFGIGVSM,ALPGFGTSM,4
AIFGIGVSM,GILGIGSGM,4
AIFGIGVSM,GIYGIGVDL,4
AIFGIGVSM,LIYGIGIGM,4
AIGGFGLWM,AILGFGAFL,4
AIGGFGLWM,AILGFGCGM,3
AIGGFGLWM,AILGFGCSL,4
AIGGFGLWM,AILGFGDQM,3
AIGGFGLWM,AILGFGGWM,2
AIGGFGLWM,AILGFGNDV,4
AIGGFGLWM,AILGFGNFM,3
AIGGFGLWM,AILGFGSRL,4
AIGGFGLWM,AILGFGVGM,3
AIGGFGLWM,AILGMGSPM,4
AIGGFGLWM,AIVGFGLVV,3
AIGGFGLWM,AIVGFGSGM,3
AIGGFGLWM,AIWDRGLLM,4
AIGGFGLWM,AIYARGFWM,4
AIGGFGLWM,AIYGRGVVM,4
AIGGFGLWM,AIYGVGIAM,4
AIGGFGLWM,ALGGFGLWV,2
AIGGFGLWM,ALPGFGTSM,4
AIGGFGLWM,AMYGRGWWM,4
AIGGFGLWM,GIIGFGLVV,4
AIGGFGLWM,GILGFGCPM,4
AIGGFGLWM,GILGFGLHV,4
AIGGFGLWM,GILGFGLWM,2
AIGGFGLWM,IIIGFGLPV,4
AIGGFGLWM,LIVDFGSWM,4
AIGGFGLWM,LIVGFGFWM,3
AIGGFGLWM,LIYGFGSVM,4
AIGGFGLWM,LLGGCGLWL,4
AIGGFGLWM,LLGGFGLWL,3
AIGGFGLWM,LLGGFGLWV,3
AIGGFGLWM,LLGGFGVWV,4
AIGGFGLWM,LMGGFGLWL,3
AIGGFGLWM,LMGGWGIWM,4
AIGGFGLWM,LMGGYGIWM,4
AIGGFGLWM,MILGFGLVV,4
AIGGFGLWM,NILGFGLCV,4
AIGGFGLWM,QILGFGSYM,4
AIGGFGLWM,SILGFGSLM,4
AIGGFGLWM,TIVGFGLWM,2
AIGGFGLWM,VILGFGSLM,4
AIIDLGLAV,AIIDLGSVV,2
AIIDLGLAV,AIMDLGLSV,2
AIIDLGLAV,AIVDCGSWV,4
AIIDLGLAV,AIVDLGMVV,3
AIIDLGLAV,AIVDMGTCV,4
AIIDLGLAV,AIVGFGLVV,4
AIIDLGLAV,AIWDRGLLM,4
AIIDLGLAV,AIWGVGSAV,4
AIIDLGLAV,ALVDLGTQV,4
AIIDLGLAV,AMWDRGLFV,4
AIIDLGLAV,CIIDMGTVV,4
AIIDLGLAV,DIFDVGLYV,4
AIIDLGLAV,DIIDRGLFL,4
AIIDLGLAV,DMIDLGLFV,3
AIIDLGLAV,ELLDLGLHV,4
AIIDLGLAV,EMWDRGLAV,4
AIIDLGLAV,GIIDLGLLV,2
AIIDLGLAV,GIIDLGSVV,3
AIIDLGLAV,GIIGFGLVV,4
AIIDLGLAV,GLQDLGLFV,4
AIIDLGLAV,HIVDLGSFV,4
AIIDLGLAV,IIIGFGLPV,4
AIIDLGLAV,IIVDRGLLV,4
AIIDLGLAV,ILWDLGLAV,3
AIIDLGLAV,LIVDLGGWV,4
AIIDLGLAV,LMWDLGLAL,4
AIIDLGLAV,MIIDLGLQV,2
AIIDLGLAV,MIVDRGLYV,4
AIIDLGLAV,NIPDLGLFL,4
AIIDLGLAV,NISDLGLPV,3
AIIDLGLAV,NLQDLGLAV,3
AIIDLGLAV,PILDLGLAV,2
AIIDLGLAV,PILDRGLYV,4
AIIDLGLAV,PLQDLGLFV,4
AIIDLGLAV,SILDVGLYV,4
AIIDLGLAV,SIVDIGLLV,4
AIIDLGLAV,SIVDLGMPV,4
AIIDLGLAV,SMPDLGLLV,4
AIIDLGLAV,TLQDLGLFV,4
AIIDLGLAV,VILDLGLCV,3
AIIDLGLAV,VIMDIGLFV,4
AIIDLGLAV,VIYDLGSFV,4
AIIDLGSVV,AILCVGSSV,4
AIIDLGSVV,AIMDLGLSV,3
AIIDLGSVV,AIVDCGSWV,3
AIIDLGSVV,AIVDLGMVV,2
AIIDLGSVV,AIVDMGTCV,4
AIIDLGSVV,AIVGFGLVV,4
AIIDLGSVV,AIWGVGSAV,4
AIIDLGSVV,ALLGMGSVV,4
AIIDLGSVV,ALVDLGTQV,4
AIIDLGSVV,ALVDVGSFV,4
AIIDLGSVV,ALVGFGSVV,4
AIIDLGSVV,ALWDMGSLV,4
AIIDLGSVV,CIIDMGTVV,3
AIIDLGSVV,DMIDLGLFV,4
AIIDLGSVV,GIIDLGLLV,3
AIIDLGSVV,GIIDLGSVV,1
AIIDLGSVV,GIIGFGLVV,4
AIIDLGSVV,GILGFGSVV,4
AIIDLGSVV,HIVDLGSFV,3
AIIDLGSVV,LIVDLGGWV,4
AIIDLGSVV,MIIDLGLQV,3
AIIDLGSVV,MMIDLGSWL,4
AIIDLGSVV,NIIAFGSCV,4
AIIDLGSVV,NIMDFGSVV,3
AIIDLGSVV,NISDLGLPV,4
AIIDLGSVV,NIVDFGCVV,4
AIIDLGSVV,NIVDVGSWV,4
AIIDLGSVV,NLIDLGSFL,4
AIIDLGSVV,PILDLGLAV,4
AIIDLGSVV,PLVDLGSHV,4
AIIDLGSVV,SIVDLGMPV,4
AIIDLGSVV,SIVDTGSFV,4
AIIDLGSVV,TLVDLGSVV,3
AIIDLGSVV,VILDLGLCV,4
AIIDLGSVV,VIYDLGSFV,3
AILCVGSSV,AILGFGCSL,4
AILCVGSSV,AILGFGNDV,4
AILCVGSSV,AILGFGSRL,4
AILCVGSSV,AILGMGSPM,4
AILCVGSSV,AIMDLGLSV,4
AILCVGSSV,AIVDCGSWV,4
AILCVGSSV,AIWGVGSAV,3
AILCVGSSV,ALLGFGSYV,4
AILCVGSSV,ALLGMGSCV,4
AILCVGSSV,ALLGMGSVV,4
AILCVGSSV,ALVDVGSFV,4
AILCVGSSV,GILGFGSVV,4
AILCVGSSV,GILGIGSCV,4
AILCVGSSV,GILGSGSQV,4
AILCVGSSV,GILGVGSFV,3
AILCVGSSV,GILGVGTFV,4
AILCVGSSV,GLLGIGSSV,4
AILCVGSSV,IIYGVGSLV,4
AILCVGSSV,LILGFGASV,4
AILCVGSSV,LILGFGSQV,4
AILCVGSSV,LILGMGSLV,4
AILCVGSSV,LILWFGTSV,4
AILCVGSSV,MLLGIGSSV,4
AILCVGSSV,NILGFGSLV,4
AILCVGSSV,NILGVGSSV,2
AILCVGSSV,NIVDVGSWV,4
AILCVGSSV,NLLGVGSFV,4
AILCVGSSV,RILGFGSLV,4
AILCVGSSV,SILDVGLYV,4
AILCVGSSV,SILGFGSLV,4
AILCVGSSV,SILGFGTSV,4
AILCVGSSV,TILGFGSEV,4
AILCVGSSV,VILAFGSSV,3
AILGFGAFL,AILGFGCGM,3
AILGFGAFL,AILGFGCSL,2
AILGFGAFL,AILGFGDQM,3
AILGFGAFL,AILGFGGWM,3
AILGFGAFL,AILGFGNDV,3
AILGFGAFL,AILGFGNFM,2
AILGFGAFL,AILGFGSRL,2
AILGFGAFL,AILGFGVGM,3
AILGFGAFL,AILGMGSPM,4
AILGFGAFL,AILGYGQQL,3
AILGFGAFL,AIVGFGLVV,4
AILGFGAFL,AIVGFGSGM,4
AILGFGAFL,ALLGFGSYV,4
AILGFGAFL,ALVGFGSQL,4
AILGFGAFL,EILGFGSCI,4
AILGFGAFL,GILGFGAFV,2
AILGFGAFL,GILGFGAVL,2
AILGFGAFL,GILGFGCPM,4
AILGFGAFL,GILGFGLHV,4
AILGFGAFL,GILGFGLWM,4
AILGFGAFL,GILGFGSLL,3
AILGFGAFL,GILGFGSVV,4
AILGFGAFL,GILGFGTGV,4
AILGFGAFL,GILGIGSGL,4
AILGFGAFL,GILGVGSFV,4
AILGFGAFL,GILGVGTFV,4
AILGFGAFL,GIVGFGMHL,4
AILGFGAFL,GIWGVGSFL,4
AILGFGAFL,GIYGIGAFL,3
AILGFGAFL,IILGFGICV,4
AILGFGAFL,IIVGFGSFL,3
AILGFGAFL,ILLGFGSLL,4
AILGFGAFL,LIFGFGSHL,4
AILGFGAFL,LILGFGASV,3
AILGFGAFL,LILGFGSQV,4
AILGFGAFL,LILGFGTAL,3
AILGFGAFL,LLLGFGMVL,4
AILGFGAFL,LLLGFGTVL,4
AILGFGAFL,MILGFGLVV,4
AILGFGAFL,NILGFGIPV,4
AILGFGAFL,NILGFGLCV,4
AILGFGAFL,NILGFGSLV,4
AILGFGAFL,NLLGFGSGL,4
AILGFGAFL,NMLGFGSGL,4
AILGFGAFL,QILGFGCFL,2
AILGFGAFL,QILGFGMLL,3
AILGFGAFL,QILGFGSYM,4
AILGFGAFL,RILGFGSLV,4
AILGFGAFL,RILGFGTDV,4
AILGFGAFL,SILGFGSLM,4
AILGFGAFL,SILGFGSLV,4
AILGFGAFL,SILGFGSYL,3
AILGFGAFL,SILGFGTSV,4
AILGFGAFL,SILGIGSPL,4
AILGFGAFL,SLLGFGSHL,4
AILGFGAFL,SLLGFGSSL,4
AILGFGAFL,TILGFGSEV,4
AILGFGAFL,TIYGFGSVL,4
AILGFGAFL,VILGFGSAL,3
AILGFGAFL,VILGFGSAP,4
AILGFGAFL,VILGFGSLM,4
AILGFGAFL,VILGFGSPL,3
AILGFGAFL,VIVGFGMHL,4
AILGFGCGM,AILGFGCSL,2
AILGFGCGM,AILGFGDQM,2
AILGFGCGM,AILGFGGWM,2
AILGFGCGM,AILGFGNDV,3
AILGFGCGM,AILGFGNFM,2
AILGFGCGM,AILGFGSRL,3
AILGFGCGM,AILGFGVGM,1
AILGFGCGM,AILGMGSPM,3
AILGFGCGM,AILGYGQQL,4
AILGFGCGM,AIVGFGLVV,4
AILGFGCGM,AIVGFGSGM,2
AILGFGCGM,AIYGRGVVM,4
AILGFGCGM,AIYGVGIAM,4
AILGFGCGM,ALLGFGSYV,4
AILGFGCGM,ALPGFGTSM,4
AILGFGCGM,CMLGFGSGV,4
AILGFGCGM,EILGFGSCI,4
AILGFGCGM,GILGFGAFV,4
AILGFGCGM,GILGFGAVL,4
AILGFGCGM,GILGFGCPM,2
AILGFGCGM,GILGFGLHV,4
AILGFGCGM,GILGFGLWM,3
AILGFGCGM,GILGFGSLL,4
AILGFGCGM,GILGFGSVV,4
AILGFGCGM,GILGFGTGV,3
AILGFGCGM,GILGIGSGL,4
AILGFGCGM,GILGIGSGM,3
AILGFGCGM,GILGWGCPV,4
AILGFGCGM,IILGFGICV,4
AILGFGCGM,LILGFGASV,4
AILGFGCGM,LILGFGSQV,4
AILGFGCGM,LILGFGTAL,4
AILGFGCGM,LIVGFGFWM,4
AILGFGCGM,LIYGFGSVM,4
AILGFGCGM,LIYGIGIGM,4
AILGFGCGM,MILGFGLVV,4
AILGFGCGM,NILGFGIPV,4
AILGFGCGM,NILGFGLCV,4
AILGFGCGM,NILGFGSLV,4
AILGFGCGM,NLLGFGSGL,4
AILGFGCGM,NMLGFGSGL,4
AILGFGCGM,QILGFGCFL,3
AILGFGCGM,QILGFGMLL,4
AILGFGCGM,QILGFGSYM,3
AILGFGCGM,RILGFGSLV,4
AILGFGCGM,RILGFGTDV,4
AILGFGCGM,SILGFGSLM,3
AILGFGCGM,SILGFGSLV,4
AILGFGCGM,SILGFGSYL,4
AILGFGCGM,SILGFGTSV,4
AILGFGCGM,TILGFGSEV,4
AILGFGCGM,TIVGFGLWM,4
AILGFGCGM,VILGFGSAL,4
AILGFGCGM,VILGFGSAP,4
AILGFGCGM,VILGFGSLM,3
AILGFGCGM,VILGFGSPL,4
AILGFGCSL,AILGFGDQM,3
AILGFGCSL,AILGFGGWM,3
AILGFGCSL,AILGFGNDV,3
AILGFGCSL,AILGFGNFM,3
AILGFGCSL,AILGFGSRL,2
AILGFGCSL,AILGFGVGM,3
AILGFGCSL,AILGMGSPM,4
AILGFGCSL,AILGYGQQL,3
AILGFGCSL,AIVGFGLVV,4
AILGFGCSL,AIVGFGSGM,4
AILGFGCSL,ALLGFGSYV,4
AILGFGCSL,ALPGFGTSM,4
AILGFGCSL,ALVGFGSQL,4
AILGFGCSL,EILGFGSCI,4
AILGFGCSL,GILGFGAFV,4
AILGFGCSL,GILGFGAVL,3
AILGFGCSL,GILGFGCPM,3
AILGFGCSL,GILGFGLHV,4
AILGFGCSL,GILGFGLWM,4
AILGFGCSL,GILGFGSLL,3
AILGFGCSL,GILGFGSVV,4
AILGFGCSL,GILGFGTGV,4
AILGFGCSL,GILGIGSGL,4
AILGFGCSL,GILGWGCPV,4
AILGFGCSL,GIVGFGMHL,4
AILGFGCSL,IILGFGICV,4
AILGFGCSL,IIVGFGSFL,4
AILGFGCSL,ILLGFGSLL,4
AILGFGCSL,LIFGFGSHL,4
AILGFGCSL,LILGFGASV,3
AILGFGCSL,LILGFGSQV,4
AILGFGCSL,LILGFGTAL,3
AILGFGCSL,LILWFGTSV,4
AILGFGCSL,LLLGFGMVL,4
AILGFGCSL,LLLGFGTVL,4
AILGFGCSL,MILGFGLVV,4
AILGFGCSL,NILGFGIPV,4
AILGFGCSL,NILGFGLCV,4
AILGFGCSL,NILGFGSLV,4
AILGFGCSL,NILGVGSSV,4
AILGFGCSL,NLLGFGSGL,4
AILGFGCSL,NMLGFGSGL,4
AILGFGCSL,QILGFGCFL,2
AILGFGCSL,QILGFGMLL,3
AILGFGCSL,QILGFGSYM,4
AILGFGCSL,RILGFGSLV,4
AILGFGCSL,RILGFGTDV,4
AILGFGCSL,SILGFGSLM,4
AILGFGCSL,SILGFGSLV,4
AILGFGCSL,SILGFGSYL,3
AILGFGCSL,SILGFGTSV,3
AILGFGCSL,SILGIGSPL,4
AILGFGCSL,SLLGFGSHL,4
AILGFGCSL,SLLGFGSSL,3
AILGFGCSL,TILGFGSEV,4
AILGFGCSL,TIYGFGSVL,4
AILGFGCSL,VILAFGSSV,4
AILGFGCSL,VILGFGSAL,3
AILGFGCSL,VILGFGSAP,4
AILGFGCSL,VILGFGSLM,4
AILGFGCSL,VILGFGSPL,3
AILGFGCSL,VIVGFGMHL,4
AILGFGDQM,AILGFGGWM,2
AILGFGDQM,AILGFGNDV,3
AILGFGDQM,AILGFGNFM,2
AILGFGDQM,AILGFGSRL,3
AILGFGDQM,AILGFGVGM,2
AILGFGDQM,AILGMGSPM,3
AILGFGDQM,AILGYGQQL,3
AILGFGDQM,AIVGFGLVV,4
AILGFGDQM,AIVGFGSGM,3
AILGFGDQM,AIYGRGVVM,4
AILGFGDQM,AIYGVGIAM,4
AILGFGDQM,ALLGFGSYV,4
AILGFGDQM,ALPGFGTSM,4
AILGFGDQM,ALVGFGSQL,4
AILGFGDQM,EILGFGSCI,4
AILGFGDQM,GILGFGAFV,4
AILGFGDQM,GILGFGAVL,4
AILGFGDQM,GILGFGCPM,3
AILGFGDQM,GILGFGLHV,4
AILGFGDQM,GILGFGLWM,3
AILGFGDQM,GILGFGSLL,4
AILGFGDQM,GILGFGSVV,4
AILGFGDQM,GILGFGTGV,4
AILGFGDQM,GILGIGSGM,4
AILGFGDQM,GILGSGSQV,4
AILGFGDQM,IILGFGICV,4
AILGFGDQM,LILAFGLQV,4
AILGFGDQM,LILGFGASV,4
AILGFGDQM,LILGFGSQV,3
AILGFGDQM,LILGFGTAL,4
AILGFGDQM,LIVGFGFWM,4
AILGFGDQM,LIYGFGSVM,4
AILGFGDQM,LIYGVGSQM,4
AILGFGDQM,MILGFGLVV,4
AILGFGDQM,NILGFGIPV,4
AILGFGDQM,NILGFGLCV,4
AILGFGDQM,NILGFGSLV,4
AILGFGDQM,QILGFGCFL,4
AILGFGDQM,QILGFGMLL,4
AILGFGDQM,QILGFGSYM,3
AILGFGDQM,RILGFGSLV,4
AILGFGDQM,RILGFGTDV,4
AILGFGDQM,SILGFGSLM,3
AILGFGDQM,SILGFGSLV,4
AILGFGDQM,SILGFGSYL,4
AILGFGDQM,SILGFGTSV,4
AILGFGDQM,TILGFGSEV,4
AILGFGDQM,TIVGFGLWM,4
AILGFGDQM,VILGFGSAL,4
AILGFGDQM,VILGFGSAP,4
AILGFGDQM,VILGFGSLM,3
AILGFGDQM,VILGFGSPL,4
AILGFGDQM,VIVGFGSQV,4
AILGFGGWM,AILGFGNDV,3
AILGFGGWM,AILGFGNFM,2
AILGFGGWM,AILGFGSRL,3
AILGFGGWM,AILGFGVGM,2
AILGFGGWM,AILGMGSPM,3
AILGFGGWM,AILGYGQQL,4
AILGFGGWM,AIVGFGLVV,4
AILGFGGWM,AIVGFGSGM,3
AILGFGGWM,AIYARGFWM,4
AILGFGGWM,AIYGRGVVM,4
AILGFGGWM,AIYGVGIAM,4
AILGFGGWM,ALGGFGLWV,4
AILGFGGWM,ALLGFGSYV,4
AILGFGGWM,ALPGFGTSM,4
AILGFGGWM,AMYGRGWWM,4
AILGFGGWM,EILGFGSCI,4
AILGFGGWM,GILGFGAFV,4
AILGFGGWM,GILGFGAVL,4
AILGFGGWM,GILGFGCPM,3
AILGFGGWM,GILGFGLHV,4
AILGFGGWM,GILGFGLWM,2
AILGFGGWM,GILGFGSLL,4
AILGFGGWM,GILGFGSVV,4
AILGFGGWM,GILGFGTGV,4
AILGFGGWM,GILGIGSGM,4
AILGFGGWM,IILGFGICV,4
AILGFGGWM,LILGFGASV,4
AILGFGGWM,LILGFGSQV,4
AILGFGGWM,LILGFGTAL,4
AILGFGGWM,LIVDFGSWM,4
AILGFGGWM,LIVGFGFWM,3
AILGFGGWM,LIYGFGSVM,4
AILGFGGWM,MILGFGLVV,4
AILGFGGWM,NILGFGIPV,4
AILGFGGWM,NILGFGLCV,4
AILGFGGWM,NILGFGSLV,4
AILGFGGWM,QILGFGCFL,4
AILGFGGWM,QILGFGMLL,4
AILGFGGWM,QILGFGSYM,3
AILGFGGWM,RILGFGSLV,4
AILGFGGWM,RILGFGTDV,4
AILGFGGWM,SILGFGSLM,3
AILGFGGWM,SILGFGSLV,4
AILGFGGWM,SILGFGSYL,4
AILGFGGWM,SILGFGTSV,4
AILGFGGWM,TILGFGSEV,4
AILGFGGWM,TIVGFGLWM,3
AILGFGGWM,VILGFGSAL,4
AILGFGGWM,VILGFGSAP,4
AILGFGGWM,VILGFGSLM,3
AILGFGGWM,VILGFGSPL,4
AILGFGNDV,AILGFGNFM,2
AILGFGNDV,AILGFGSRL,3
AILGFGNDV,AILGFGVGM,3
AILGFGNDV,AILGMGSPM,4
AILGFGNDV,AILGYGQQL,4
AILGFGNDV,AIVGFGLVV,3
AILGFGNDV,AIVGFGSGM,4
AILGFGNDV,AIWGVGSAV,4
AILGFGNDV,ALGGFGLWV,4
AILGFGNDV,ALLGFGSYV,3
AILGFGNDV,ALLGMGSCV,4
AILGFGNDV,ALLGMGSVV,4
AILGFGNDV,ALVGFGSVV,4
AILGFGNDV,CMLGFGSGV,4
AILGFGNDV,EILGFGSCI,4
AILGFGNDV,GIIGFGLVV,4
AILGFGNDV,GILGFGAFV,3
AILGFGNDV,GILGFGAVL,4
AILGFGNDV,GILGFGCPM,4
AILGFGNDV,GILGFGLHV,3
AILGFGNDV,GILGFGLWM,4
AILGFGNDV,GILGFGSLL,4
AILGFGNDV,GILGFGSVV,3
AILGFGNDV,GILGFGTGV,3
AILGFGNDV,GILGIGSCV,4
AILGFGNDV,GILGSGSQV,4
AILGFGNDV,GILGVGSFV,4
AILGFGNDV,GILGVGTFV,4
AILGFGNDV,GILGWGCPV,4
AILGFGNDV,GILGYGQVV,4
AILGFGNDV,IIIGFGLPV,4
AILGFGNDV,IILGFGICV,3
AILGFGNDV,LILAFGLQV,4
AILGFGNDV,LILGFGASV,3
AILGFGNDV,LILGFGSQV,3
AILGFGNDV,LILGFGTAL,4
AILGFGNDV,LILGMGSLV,4
AILGFGNDV,LILWFGTSV,4
AILGFGNDV,LLLGFGSEV,4
AILGFGNDV,MILGFGLVV,3
AILGFGNDV,NILGFGIPV,3
AILGFGNDV,NILGFGLCV,3
AILGFGNDV,NILGFGSLV,3
AILGFGNDV,NILGVGSSV,4
AILGFGNDV,PLLGFGSCV,4
AILGFGNDV,PLLGFGTPV,4
AILGFGNDV,QILGFGCFL,4
AILGFGNDV,QILGFGMLL,4
AILGFGNDV,QILGFGSYM,4
AILGFGNDV,RILGFGSLV,3
AILGFGNDV,RILGFGTDV,2
AILGFGNDV,RLLGFGSVV,4
AILGFGNDV,SILGFGSLM,4
AILGFGNDV,SILGFGSLV,3
AILGFGNDV,SILGFGSYL,4
AILGFGNDV,SILGFGTSV,3
AILGFGNDV,SIPGFGTHV,4
AILGFGNDV,TILGFGSEV,3
AILGFGNDV,TLLGFGSCV,4
AILGFGNDV,VILAFGSSV,4
AILGFGNDV,VILAFGTHV,4
AILGFGNDV,VILGFGSAL,4
AILGFGNDV,VILGFGSAP,4
AILGFGNDV,VILGFGSLM,4
AILGFGNDV,VILGFGSPL,4
AILGFGNDV,VIVGFGSQV,4
AILGFGNFM,AILGFGSRL,3
AILGFGNFM,AILGFGVGM,2
AILGFGNFM,AILGMGSPM,3
AILGFGNFM,AILGYGQQL,4
AILGFGNFM,AIVGFGLVV,4
AILGFGNFM,AIVGFGSGM,3
AILGFGNFM,AIYGRGVVM,4
AILGFGNFM,AIYGVGIAM,4
AILGFGNFM,ALLGFGSYV,4
AILGFGNFM,ALPGFGTSM,4
AILGFGNFM,EILGFGSCI,4
AILGFGNFM,GILGFGAFV,3
AILGFGNFM,GILGFGAVL,4
AILGFGNFM,GILGFGCPM,3
AILGFGNFM,GILGFGLHV,4
AILGFGNFM,GILGFGLWM,3
AILGFGNFM,GILGFGSLL,4
AILGFGNFM,GILGFGSVV,4
AILGFGNFM,GILGFGTGV,4
AILGFGNFM,GILGIGSGM,4
AILGFGNFM,GILGVGSFV,4
AILGFGNFM,GILGVGTFV,4
AILGFGNFM,GIYGLGFFM,4
AILGFGNFM,IILGFGICV,4
AILGFGNFM,IIVGFGSFL,4
AILGFGNFM,LILGFGASV,4
AILGFGNFM,LILGFGSQV,4
AILGFGNFM,LILGFGTAL,4
AILGFGNFM,LIVGFGFWM,4
AILGFGNFM,LIYGFGSVM,4
AILGFGNFM,MILGFGLVV,4
AILGFGNFM,NILGFGIPV,4
AILGFGNFM,NILGFGLCV,4
AILGFGNFM,NILGFGSLV,4
AILGFGNFM,QILGFGCFL,3
AILGFGNFM,QILGFGMLL,4
AILGFGNFM,QILGFGSYM,3
AILGFGNFM,RILGFGSLV,4
AILGFGNFM,RILGFGTDV,4
AILGFGNFM,SILGFGSLM,3
AILGFGNFM,SILGFGSLV,4
AILGFGNFM,SILGFGSYL,4
AILGFGNFM,SILGFGTSV,4
AILGFGNFM,TILGFGSEV,4
AILGFGNFM,TIVGFGLWM,4
AILGFGNFM,VILGFGSAL,4
AILGFGNFM,VILGFGSAP,4
AILGFGNFM,VILGFGSLM,3
AILGFGNFM,VILGFGSPL,4
AILGFGSRL,AILGFGVGM,3
AILGFGSRL,AILGMGSPM,3
AILGFGSRL,AILGYGQQL,3
AILGFGSRL,AIVGFGLVV,4
AILGFGSRL,AIVGFGSGM,3
AILGFGSRL,AIWGVGSAV,4
AILGFGSRL,ALLGFGSYV,3
AILGFGSRL,ALLGMGSCV,4
AILGFGSRL,ALLGMGSVV,4
AILGFGSRL,ALVGFGSQL,3
AILGFGSRL,ALVGFGSVV,4
AILGFGSRL,ALWGIGSQL,4
AILGFGSRL,CMLGFGSGV,4
AILGFGSRL,EILGFGSCI,3
AILGFGSRL,GILGFGAFV,4
AILGFGSRL,GILGFGAVL,3
AILGFGSRL,GILGFGCPM,4
AILGFGSRL,GILGFGLHV,4
AILGFGSRL,GILGFGLWM,4
AILGFGSRL,GILGFGSLL,2
AILGFGSRL,GILGFGSVV,3
AILGFGSRL,GILGFGTGV,4
AILGFGSRL,GILGIGSCV,4
AILGFGSRL,GILGIGSGL,3
AILGFGSRL,GILGIGSGM,4
AILGFGSRL,GILGSGSQV,4
AILGFGSRL,GILGVGSFV,4
AILGFGSRL,GIVGFGMHL,4
AILGFGSRL,GIWGIGSQL,4
AILGFGSRL,GIWGVGSFL,4
AILGFGSRL,IILGFGICV,4
AILGFGSRL,IIVGFGSFL,3
AILGFGSRL,ILLGFGSLL,3
AILGFGSRL,LIFGFGSHL,3
AILGFGSRL,LILGFGASV,4
AILGFGSRL,LILGFGSQV,3
AILGFGSRL,LILGFGTAL,3
AILGFGSRL,LILGMGSLV,4
AILGFGSRL,LIYGFGSVM,4
AILGFGSRL,LIYGIGSLL,4
AILGFGSRL,LLLGFGMVL,4
AILGFGSRL,LLLGFGSEV,4
AILGFGSRL,LLLGFGTVL,4
AILGFGSRL,MILGFGLVV,4
AILGFGSRL,NILGFGIPV,4
AILGFGSRL,NILGFGLCV,4
AILGFGSRL,NILGFGSLV,3
AILGFGSRL,NILGVGSSV,4
AILGFGSRL,NLLGFGSGL,3
AILGFGSRL,NMLGFGSGL,3
AILGFGSRL,PLLGFGSCV,4
AILGFGSRL,QILGFGCFL,3
AILGFGSRL,QILGFGMLL,3
AILGFGSRL,QILGFGSYM,3
AILGFGSRL,RILGFGSLV,3
AILGFGSRL,RILGFGTDV,4
AILGFGSRL,RLLGFGSVV,4
AILGFGSRL,SILGFGSLM,3
AILGFGSRL,SILGFGSLV,3
AILGFGSRL,SILGFGSYL,2
AILGFGSRL,SILGFGTSV,4
AILGFGSRL,SILGIGSPL,3
AILGFGSRL,SLLGFGSHL,3
AILGFGSRL,SLLGFGSSL,3
AILGFGSRL,TILGFGSEV,3
AILGFGSRL,TIYGFGSVL,3
AILGFGSRL,TLLGFGSCV,4
AILGFGSRL,VILAFGSSV,4
AILGFGSRL,VILGFGSAL,2
AILGFGSRL,VILGFGSAP,3
AILGFGSRL,VILGFGSLM,3
AILGFGSRL,VILGFGSPL,2
AILGFGSRL,VIVGFGMHL,4
AILGFGSRL,VIVGFGSQV,4
AILGFGVGM,AILGMGSPM,3
AILGFGVGM,AILGYGQQL,4
AILGFGVGM,AIVGFGLVV,4
AILGFGVGM,AIVGFGSGM,2
AILGFGVGM,AIYGRGVVM,3
AILGFGVGM,AIYGVGIAM,4
AILGFGVGM,ALLGFGSYV,4
AILGFGVGM,ALPGFGTSM,4
AILGFGVGM,CMLGFGSGV,4
AILGFGVGM,EILGFGSCI,4
AILGFGVGM,GILGFGAFV,4
AILGFGVGM,GILGFGAVL,4
AILGFGVGM,GILGFGCPM,3
AILGFGVGM,GILGFGLHV,4
AILGFGVGM,GILGFGLWM,3
AILGFGVGM,GILGFGSLL,4
AILGFGVGM,GILGFGSVV,4
AILGFGVGM,GILGFGTGV,3
AILGFGVGM,GILGIGSGL,4
AILGFGVGM,GILGIGSGM,3
AILGFGVGM,IILGFGICV,4
AILGFGVGM,LILGFGASV,4
AILGFGVGM,LILGFGSQV,4
AILGFGVGM,LILGFGTAL,4
AILGFGVGM,LIVGFGFWM,4
AILGFGVGM,LIYGFGSVM,4
AILGFGVGM,LIYGIGIGM,4
AILGFGVGM,MILGFGLVV,4
AILGFGVGM,NILGFGIPV,4
AILGFGVGM,NILGFGLCV,4
AILGFGVGM,NILGFGSLV,4
AILGFGVGM,NLLGFGSGL,4
AILGFGVGM,NMLGFGSGL,4
AILGFGVGM,QILGFGCFL,4
AILGFGVGM,QILGFGMLL,4
AILGFGVGM,QILGFGSYM,3
AILGFGVGM,RILGFGSLV,4
AILGFGVGM,RILGFGTDV,4
AILGFGVGM,SILGFGSLM,3
AILGFGVGM,SILGFGSLV,4
AILGFGVGM,SILGFGSYL,4
AILGFGVGM,SILGFGTSV,4
AILGFGVGM,TILGFGSEV,4
AILGFGVGM,TIVGFGLWM,4
AILGFGVGM,VILGFGSAL,4
AILGFGVGM,VILGFGSAP,4
AILGFGVGM,VILGFGSLM,3
AILGFGVGM,VILGFGSPL,4
AILGMGSPM,AILGYGQQL,4
AILGMGSPM,AIVGFGSGM,3
AILGMGSPM,AIWGVGSAV,4
AILGMGSPM,AIYGRGVVM,4
AILGMGSPM,AIYGVGIAM,4
AILGMGSPM,ALLGFGSYV,4
AILGMGSPM,ALLGMGSCV,3
AILGMGSPM,ALLGMGSVV,3
AILGMGSPM,CIYGMGSCV,4
AILGMGSPM,EILGFGSCI,4
AILGMGSPM,GILGFGCPM,3
AILGMGSPM,GILGFGLWM,4
AILGMGSPM,GILGFGSLL,4
AILGMGSPM,GILGFGSVV,4
AILGMGSPM,GILGIGSCV,4
AILGMGSPM,GILGIGSGL,4
AILGMGSPM,GILGIGSGM,3
AILGMGSPM,GILGSGSQV,4
AILGMGSPM,GILGVGSFV,4
AILGMGSPM,GILGWGCPV,4
AILGMGSPM,GIWDMGSFM,4
AILGMGSPM,LILGFGSQV,4
AILGMGSPM,LILGMGSLV,3
AILGMGSPM,LIYGFGSVM,4
AILGMGSPM,LIYGLGSHM,4
AILGMGSPM,LIYGVGSQM,4
AILGMGSPM,NILGFGIPV,4
AILGMGSPM,NILGFGSLV,4
AILGMGSPM,NILGVGSSV,4
AILGMGSPM,QILGFGSYM,3
AILGMGSPM,RILGFGSLV,4
AILGMGSPM,SILGFGSLM,3
AILGMGSPM,SILGFGSLV,4
AILGMGSPM,SILGFGSYL,4
AILGMGSPM,SILGIGSPL,3
AILGMGSPM,TILGFGSEV,4
AILGMGSPM,VILGFGSAL,4
AILGMGSPM,VILGFGSAP,4
AILGMGSPM,VILGFGSLM,3
AILGMGSPM,VILGFGSPL,3
AILGYGQQL,ALVGFGSQL,4
AILGYGQQL,ALWGIGSQL,4
AILGYGQQL,GILGFGAVL,4
AILGYGQQL,GILGFGSLL,4
AILGYGQQL,GILGIGSGL,4
AILGYGQQL,GILGSGSQV,4
AILGYGQQL,GILGYGQVV,3
AILGYGQQL,GIWGIGSQL,4
AILGYGQQL,LILGFGSQV,4
AILGYGQQL,LILGFGTAL,4
AILGYGQQL,QILGFGCFL,4
AILGYGQQL,QILGFGMLL,4
AILGYGQQL,SILGFGSYL,4
AILGYGQQL,SILGIGSPL,4
AILGYGQQL,VILGFGSAL,4
AILGYGQQL,VILGFGSPL,4
AIMDLGLSV,AIVDCGSWV,4
AIMDLGLSV,AIVDLGMVV,3
AIMDLGLSV,AIVDMGTCV,4
AIMDLGLSV,AIVGFGLVV,4
AIMDLGLSV,AIWDRGLLM,4
AIMDLGLSV,ALVDLGTQV,4
AIMDLGLSV,AMWDRGLFV,4
AIMDLGLSV,DIFDVGLYV,4
AIMDLGLSV,DMIDLGLFV,4
AIMDLGLSV,ELLDLGLHV,4
AIMDLGLSV,GIIDLGLLV,3
AIMDLGLSV,GIIDLGSVV,4
AIMDLGLSV,GLQDLGLFV,4
AIMDLGLSV,HIVDLGSFV,4
AIMDLGLSV,IIVDRGLLV,4
AIMDLGLSV,ILWDLGLAV,4
AIMDLGLSV,LIVDLGGWV,4
AIMDLGLSV,MIIDLGLQV,3
AIMDLGLSV,MIVDRGLYV,4
AIMDLGLSV,NIMDFGSVV,4
AIMDLGLSV,NIPDLGLFL,4
AIMDLGLSV,NISDLGLPV,3
AIMDLGLSV,NLQDLGLAV,4
AIMDLGLSV,PILDLGLAV,3
AIMDLGLSV,PILDRGLYV,4
AIMDLGLSV,PLQDLGLFV,4
AIMDLGLSV,SILDVGLYV,4
AIMDLGLSV,SIVDIGLLV,4
AIMDLGLSV,SIVDLGMPV,4
AIMDLGLSV,SMPDLGLLV,4
AIMDLGLSV,TLQDLGLFV,4
AIMDLGLSV,VILDLGLCV,3
AIMDLGLSV,VIMDIGLFV,3
AIMDLGLSV,VIYDLGSFV,4
AIVDCGSWV,AIVDLGMVV,3
AIVDCGSWV,AIVDMGTCV,3
AIVDCGSWV,AIVGFGLVV,4
AIVDCGSWV,AIVGFGSGM,4
AIVDCGSWV,AIWGVGSAV,4
AIVDCGSWV,ALVDLGTQV,4
AIVDCGSWV,ALVDVGSFV,3
AIVDCGSWV,ALVGFGSVV,4
AIVDCGSWV,ALWDMGSLV,4
AIVDCGSWV,GIIDLGSVV,4
AIVDCGSWV,HIVDLGSFV,3
AIVDCGSWV,IIVDRGLLV,4
AIVDCGSWV,LIVDFGSWM,3
AIVDCGSWV,LIVDLGGWV,3
AIVDCGSWV,LLVDLGSWL,4
AIVDCGSWV,LLVDMGSWM,4
AIVDCGSWV,MIVDRGLYV,4
AIVDCGSWV,MIVLWGSWV,3
AIVDCGSWV,NIMDFGSVV,4
AIVDCGSWV,NIVDFGCVV,4
AIVDCGSWV,NIVDVGSWV,2
AIVDCGSWV,PLVDLGSHV,4
AIVDCGSWV,SIVDIGLLV,4
AIVDCGSWV,SIVDLGMPV,4
AIVDCGSWV,SIVDMGTYV,4
AIVDCGSWV,SIVDTGSFV,3
AIVDCGSWV,TLVDLGSVV,4
AIVDCGSWV,VIVGFGSQV,4
AIVDCGSWV,VIYDLGSFV,4
AIVDCGSWV,VLLDIGSWV,4
AIVDLGMVV,AIVDMGTCV,3
AIVDLGMVV,AIVGFGLVV,3
AIVDLGMVV,ALVDLGTQV,3
AIVDLGMVV,ALVDVGSFV,4
AIVDLGMVV,ALVGFGSVV,4
AIVDLGMVV,CIIDMGTVV,4
AIVDLGMVV,GIIDLGLLV,4
AIVDLGMVV,GIIDLGSVV,3
AIVDLGMVV,GIVDLGTQL,4
AIVDLGMVV,HIVDLGSFV,3
AIVDLGMVV,IIVDRGLLV,4
AIVDLGMVV,LIVDLGGWV,3
AIVDLGMVV,MIIDLGLQV,4
AIVDLGMVV,MIVDRGLYV,4
AIVDLGMVV,NIMDFGSVV,4
AIVDLGMVV,NISDLGLPV,4
AIVDLGMVV,NIVDFGCVV,3
AIVDLGMVV,NIVDVGSWV,4
AIVDLGMVV,PILDLGLAV,4
AIVDLGMVV,PIVDLGTLL,4
AIVDLGMVV,PLVDLGSHV,4
AIVDLGMVV,SIVDIGLLV,4
AIVDLGMVV,SIVDLGIPM,4
AIVDLGMVV,SIVDLGMPV,2
AIVDLGMVV,SIVDMGTYV,4
AIVDLGMVV,SIVDTGSFV,4
AIVDLGMVV,TLVDLGMPM,4
AIVDLGMVV,TLVDLGSVV,3
AIVDLGMVV,VILDLGLCV,4
AIVDLGMVV,VIYDLGSFV,4
AIVDMGTCV,AIVGFGLVV,4
AIVDMGTCV,ALLGMGSCV,4
AIVDMGTCV,ALVDLGTQV,3
AIVDMGTCV,ALVDVGSFV,4
AIVDMGTCV,ALWDMGSLV,4
AIVDMGTCV,CIIDMGTVV,3
AIVDMGTCV,CIYGMGSCV,4
AIVDMGTCV,GIVDLGTQL,4
AIVDMGTCV,GIWDMGTLM,4
AIVDMGTCV,HIVDLGSFV,4
AIVDMGTCV,IIVDRGLLV,4
AIVDMGTCV,LIVDLGGWV,4
AIVDMGTCV,MIVDRGLYV,4
AIVDMGTCV,NIVDFGCVV,4
AIVDMGTCV,NIVDVGSWV,4
AIVDMGTCV,PIVDLGTLL,4
AIVDMGTCV,QLVDMGTRV,3
AIVDMGTCV,SIVDIGLLV,4
AIVDMGTCV,SIVDLGMPV,4
AIVDMGTCV,SIVDMGTYV,2
AIVDMGTCV,SIVDTGSFV,4
AIVDMGTCV,SLPDLGTCV,4
AIVDMGTCV,VILDLGLCV,4
AIVGFGLVV,AIVGFGSGM,3
AIVGFGLVV,AIWGVGSAV,4
AIVGFGLVV,AIYGRGVVM,4
AIVGFGLVV,ALGGFGLWV,3
AIVGFGLVV,ALLGFGSYV,4
AIVGFGLVV,ALLGMGSVV,4
AIVGFGLVV,ALVGFGSQL,4
AIVGFGLVV,ALVGFGSVV,2
AIVGFGLVV,GIIGFGLVV,2
AIVGFGLVV,GILGFGAFV,4
AIVGFGLVV,GILGFGAVL,4
AIVGFGLVV,GILGFGLHV,3
AIVGFGLVV,GILGFGLWM,4
AIVGFGLVV,GILGFGSVV,3
AIVGFGLVV,GILGFGTGV,4
AIVGFGLVV,GILGYGQVV,4
AIVGFGLVV,GIVGFGMHL,4
AIVGFGLVV,IIIGFGLPV,3
AIVGFGLVV,IILGFGICV,4
AIVGFGLVV,IIVDRGLLV,4
AIVGFGLVV,IIVGFGSFL,4
AIVGFGLVV,LILAFGLQV,4
AIVGFGLVV,LILGFGASV,4
AIVGFGLVV,LILGFGSQV,4
AIVGFGLVV,LIVGFGFWM,4
AIVGFGLVV,LIYGFGSVM,4
AIVGFGLVV,LLGGFGLWV,4
AIVGFGLVV,LLVGFGTVM,4
AIVGFGLVV,MILGFGLVV,2
AIVGFGLVV,MIVDRGLYV,4
AIVGFGLVV,NILGFGIPV,4
AIVGFGLVV,NILGFGLCV,3
AIVGFGLVV,NILGFGSLV,4
AIVGFGLVV,NIMDFGSVV,4
AIVGFGLVV,NIVDFGCVV,3
AIVGFGLVV,NLVGFGSQV,4
AIVGFGLVV,RILGFGSLV,4
AIVGFGLVV,RILGFGTDV,4
AIVGFGLVV,RLLGFGSVV,4
AIVGFGLVV,SILGFGSLV,4
AIVGFGLVV,SILGFGTSV,4
AIVGFGLVV,SIPGFGTHV,4
AIVGFGLVV,SIVDIGLLV,4
AIVGFGLVV,SLYGFGSVV,4
AIVGFGLVV,TILGFGSEV,4
AIVGFGLVV,TIVGFGLWM,3
AIVGFGLVV,TIYGFGSVL,4
AIVGFGLVV,TLVGFGTAV,4
AIVGFGLVV,VIVGFGMHL,4
AIVGFGLVV,VIVGFGSQV,3
AIVGFGSGM,AIWGVGSAV,4
AIVGFGSGM,AIYGRGVVM,4
AIVGFGSGM,AIYGVGIAM,4
AIVGFGSGM,ALLGFGSYV,4
AIVGFGSGM,ALPGFGTSM,4
AIVGFGSGM,ALVGFGSQL,3
AIVGFGSGM,ALVGFGSVV,3
AIVGFGSGM,CMLGFGSGV,4
AIVGFGSGM,EILGFGSCI,4
AIVGFGSGM,GILGFGCPM,4
AIVGFGSGM,GILGFGLWM,4
AIVGFGSGM,GILGFGSLL,4
AIVGFGSGM,GILGFGSVV,4
AIVGFGSGM,GILGFGTGV,4
AIVGFGSGM,GILGIGSGL,4
AIVGFGSGM,GILGIGSGM,3
AIVGFGSGM,GIVGFGMHL,4
AIVGFGSGM,IIVGFGSFL,3
AIVGFGSGM,LIFGFGSHL,4
AIVGFGSGM,LILGFGSQV,4
AIVGFGSGM,LIVDFGSWM,3
AIVGFGSGM,LIVGFGFWM,3
AIVGFGSGM,LIYGFGSVM,3
AIVGFGSGM,LIYGIGIGM,4
AIVGFGSGM,LIYGLGSHM,4
AIVGFGSGM,LIYGVGSQM,4
AIVGFGSGM,LLVGFGTVM,4
AIVGFGSGM,NILGFGSLV,4
AIVGFGSGM,NLLGFGSGL,4
AIVGFGSGM,NLVGFGSQV,4
AIVGFGSGM,NMLGFGSGL,4
AIVGFGSGM,QILGFGSYM,3
AIVGFGSGM,RILGFGSLV,4
AIVGFGSGM,SILGFGSLM,3
AIVGFGSGM,SILGFGSLV,4
AIVGFGSGM,SILGFGSYL,4
AIVGFGSGM,TILGFGSEV,4
AIVGFGSGM,TIVGFGLWM,3
AIVGFGSGM,TIYGFGSVL,4
AIVGFGSGM,VILGFGSAL,4
AIVGFGSGM,VILGFGSAP,4
AIVGFGSGM,VILGFGSLM,3
AIVGFGSGM,VILGFGSPL,4
AIVGFGSGM,VIVGFGMHL,4
AIVGFGSGM,VIVGFGSQV,3
AIWDRGLLM,AIYARGFWM,4
AIWDRGLLM,AIYGRGVVM,4
AIWDRGLLM,ALWDMGSLV,4
AIWDRGLLM,AMWDRGLFV,3
AIWDRGLLM,DIIDRGLFL,4
AIWDRGLLM,DMWDRGLFM,3
AIWDRGLLM,EMWDRGLAV,4
AIWDRGLLM,GIIDLGLLV,4
AIWDRGLLM,GILDRGLYL,4
AIWDRGLLM,GIWDMGSFM,4
AIWDRGLLM,GIWDMGTLM,3
AIWDRGLLM,IIVDRGLLV,3
AIWDRGLLM,IMWDVGLAM,4
AIWDRGLLM,LIWDRGLVL,3
AIWDRGLLM,LLFDRGLRM,4
AIWDRGLLM,LMWDRGLHL,4
AIWDRGLLM,LMWDVGLAM,4
AIWDRGLLM,MIVDRGLYV,4
AIWDRGLLM,MLWDRGLSL,4
AIWDRGLLM,MMWDRGLDM,3
AIWDRGLLM,NLWDRGLDV,4
AIWDRGLLM,PILDRGLYM,3
AIWDRGLLM,PILDRGLYV,4
AIWDRGLLM,SIVDIGLLV,4
AIWDRGLLM,VMWDRGTYM,4
AIWGVGSAV,AIYGVGIAM,3
AIWGVGSAV,ALLGFGSYV,4
AIWGVGSAV,ALLGMGSCV,4
AIWGVGSAV,ALLGMGSVV,4
AIWGVGSAV,ALVDVGSFV,4
AIWGVGSAV,ALVGFGSVV,4
AIWGVGSAV,ALWDMGSLV,4
AIWGVGSAV,ALWGIGSQL,4
AIWGVGSAV,CIYGMGSCV,4
AIWGVGSAV,GILGFGSVV,4
AIWGVGSAV,GILGIGSCV,4
AIWGVGSAV,GILGSGSQV,4
AIWGVGSAV,GILGVGSFV,3
AIWGVGSAV,GILGVGTFV,4
AIWGVGSAV,GIWGIGSQL,4
AIWGVGSAV,GIWGTGSFV,3
AIWGVGSAV,GIWGVGSFL,3
AIWGVGSAV,IIYGIGSAV,3
AIWGVGSAV,IIYGVGSLV,3
AIWGVGSAV,LILGFGSQV,4
AIWGVGSAV,LILGMGSLV,4
AIWGVGSAV,LIYGVGSQM,4
AIWGVGSAV,LLWDVGSLV,4
AIWGVGSAV,NILGFGSLV,4
AIWGVGSAV,NILGVGSSV,3
AIWGVGSAV,NIVDVGSWV,4
AIWGVGSAV,NLLGVGSFV,4
AIWGVGSAV,QLWDRGSAV,4
AIWGVGSAV,RILGFGSLV,4
AIWGVGSAV,SILGFGSLV,4
AIWGVGSAV,TILGFGSEV,4
AIWGVGSAV,VILGFGSAL,4
AIWGVGSAV,VILGFGSAP,4
AIWGVGSAV,VIVGFGSQV,4
AIYARGFWM,AIYGRGVVM,3
AIYARGFWM,AIYGVGIAM,4
AIYARGFWM,AMYGRGWWM,3
AIYARGFWM,GIYGLGFFM,4
AIYARGFWM,LIVGFGFWM,4
AIYARGFWM,VLYGTGFWM,4
AIYGRGVVM,AIYGVGIAM,3
AIYGRGVVM,AMYGRGWWM,3
AIYGRGVVM,GIYGIGVDL,4
AIYGRGVVM,GIYGLGFFM,4
AIYGRGVVM,LIYGFGSVM,3
AIYGRGVVM,LIYGIGIGM,4
AIYGRGVVM,LIYGLGSHM,4
AIYGRGVVM,LIYGVGSQM,4
AIYGRGVVM,TIYGFGSVL,4
AIYGVGIAM,AMYGRGWWM,4
AIYGVGIAM,GIYGLGFFM,4
AIYGVGIAM,IIYGIGSAV,4
AIYGVGIAM,IIYGVGSLV,4
AIYGVGIAM,LIYGFGSVM,4
AIYGVGIAM,LIYGIGIGM,3
AIYGVGIAM,LIYGLGSHM,4
AIYGVGIAM,LIYGVGSQM,3
ALGGFGLWV,ALLGFGSYV,3
ALGGFGLWV,ALLGMGSCV,4
ALGGFGLWV,ALLGMGSVV,4
ALGGFGLWV,ALPGFGTSM,4
ALGGFGLWV,ALVGFGSQL,4
ALGGFGLWV,ALVGFGSVV,3
ALGGFGLWV,GIIGFGLVV,4
ALGGFGLWV,GILGFGLHV,4
ALGGFGLWV,GILGFGLWM,4
ALGGFGLWV,GLFGFGSCV,4
ALGGFGLWV,IIIGFGLPV,4
ALGGFGLWV,LLGGCGLWL,3
ALGGFGLWV,LLGGFGLWL,2
ALGGFGLWV,LLGGFGLWV,1
ALGGFGLWV,LLGGFGVWV,2
ALGGFGLWV,LLLGFGSEV,4
ALGGFGLWV,LLYGFGTQV,4
ALGGFGLWV,LMGGFGLWL,3
ALGGFGLWV,MILGFGLVV,4
ALGGFGLWV,NILGFGLCV,4
ALGGFGLWV,NLVGFGSQV,4
ALGGFGLWV,PLLGFGSCV,4
ALGGFGLWV,PLLGFGTPV,4
ALGGFGLWV,RLLGFGSVV,4
ALGGFGLWV,SLYGFGSLV,4
ALGGFGLWV,SLYGFGSVV,4
ALGGFGLWV,TIVGFGLWM,4
ALGGFGLWV,TLFGFGSLV,4
ALGGFGLWV,TLLGFGSCV,4
ALGGFGLWV,TLVGFGTAV,4
ALLGFGSYV,ALLGMGSCV,2
ALLGFGSYV,ALLGMGSVV,2
ALLGFGSYV,ALPGFGTSM,4
ALLGFGSYV,ALVDVGSFV,4
ALLGFGSYV,ALVGFGSQL,3
ALLGFGSYV,ALVGFGSVV,2
ALLGFGSYV,ALWDMGSLV,4
ALLGFGSYV,ALWGIGSQL,4
ALLGFGSYV,CMLGFGSGV,3
ALLGFGSYV,EILGFGSCI,4
ALLGFGSYV,GILGFGAFV,4
ALLGFGSYV,GILGFGLHV,4
ALLGFGSYV,GILGFGSLL,4
ALLGFGSYV,GILGFGSVV,3
ALLGFGSYV,GILGFGTGV,4
ALLGFGSYV,GILGIGSCV,4
ALLGFGSYV,GILGSGSQV,4
ALLGFGSYV,GILGVGSFV,4
ALLGFGSYV,GLFGFGSCV,3
ALLGFGSYV,GLLGIGSSV,3
ALLGFGSYV,GLLGYGSLV,3
ALLGFGSYV,IILGFGICV,4
ALLGFGSYV,ILLAMGSQV,4
ALLGFGSYV,ILLGFGSLL,3
ALLGFGSYV,ILYGIGSGV,4
ALLGFGSYV,ILYGMGSLV,4
ALLGFGSYV,LILGFGASV,4
ALLGFGSYV,LILGFGSQV,3
ALLGFGSYV,LILGMGSLV,4
ALLGFGSYV,LLGGFGLWV,4
ALLGFGSYV,LLGGFGVWV,4
ALLGFGSYV,LLLAFGSLV,3
ALLGFGSYV,LLLGFGMVL,4
ALLGFGSYV,LLLGFGSEV,2
ALLGFGSYV,LLLGFGTVL,4
ALLGFGSYV,LLYGFGTQV,4
ALLGFGSYV,MILGFGLVV,4
ALLGFGSYV,MLLGIGSSV,3
ALLGFGSYV,NILGFGIPV,4
ALLGFGSYV,NILGFGLCV,4
ALLGFGSYV,NILGFGSLV,3
ALLGFGSYV,NILGVGSSV,4
ALLGFGSYV,NLLGFGSGL,3
ALLGFGSYV,NLLGVGSFV,3
ALLGFGSYV,NLVGFGSQV,3
ALLGFGSYV,NMLGFGSGL,4
ALLGFGSYV,PLLDRGSLV,4
ALLGFGSYV,PLLGFGSCV,2
ALLGFGSYV,PLLGFGTPV,3
ALLGFGSYV,QILGFGSYM,3
ALLGFGSYV,RILGFGSLV,3
ALLGFGSYV,RILGFGTDV,4
ALLGFGSYV,RLLGFGSVV,2
ALLGFGSYV,SILGFGSLM,4
ALLGFGSYV,SILGFGSLV,3
ALLGFGSYV,SILGFGSYL,3
ALLGFGSYV,SILGFGTSV,4
ALLGFGSYV,SLLGFGSHL,3
ALLGFGSYV,SLLGFGSSL,3
ALLGFGSYV,SLYGFGSLV,3
ALLGFGSYV,SLYGFGSVV,3
ALLGFGSYV,TILGFGSEV,3
ALLGFGSYV,TLFGFGSLV,3
ALLGFGSYV,TLLGFGSCV,2
ALLGFGSYV,TLVGFGTAV,4
ALLGFGSYV,VILAFGSSV,4
ALLGFGSYV,VILGFGSAL,4
ALLGFGSYV,VILGFGSAP,4
ALLGFGSYV,VILGFGSLM,4
ALLGFGSYV,VILGFGSPL,4
ALLGFGSYV,VIVGFGSQV,4
ALLGFGSYV,VLLDIGSWV,4
ALLGFGSYV,VLLGYGSVV,3
ALLGMGSCV,ALLGMGSVV,1
ALLGMGSCV,ALVDVGSFV,4
ALLGMGSCV,ALVGFGSQL,4
ALLGMGSCV,ALVGFGSVV,3
ALLGMGSCV,ALWDMGSLV,3
ALLGMGSCV,ALWGIGSQL,4
ALLGMGSCV,CIYGMGSCV,3
ALLGMGSCV,CMLGFGSGV,4
ALLGMGSCV,EILGFGSCI,4
ALLGMGSCV,GILGFGSVV,4
ALLGMGSCV,GILGIGSCV,3
ALLGMGSCV,GILGSGSQV,4
ALLGMGSCV,GILGVGSFV,4
ALLGMGSCV,GLFGFGSCV,3
ALLGMGSCV,GLLGIGSSV,3
ALLGMGSCV,GLLGYGSLV,3
ALLGMGSCV,IILGFGICV,4
ALLGMGSCV,ILLAMGSQV,3
ALLGMGSCV,ILLGFGSLL,4
ALLGMGSCV,ILYGIGSGV,4
ALLGMGSCV,ILYGMGSLV,3
ALLGMGSCV,LILGFGSQV,4
ALLGMGSCV,LILGMGSLV,3
ALLGMGSCV,LLLAFGSLV,4
ALLGMGSCV,LLLGFGSEV,3
ALLGMGSCV,MLLGIGSSV,3
ALLGMGSCV,NILGFGLCV,4
ALLGMGSCV,NILGFGSLV,4
ALLGMGSCV,NILGVGSSV,4
ALLGMGSCV,NLLGFGSGL,4
ALLGMGSCV,NLLGVGSFV,3
ALLGMGSCV,NLVGFGSQV,4
ALLGMGSCV,PLLDRGSLV,4
ALLGMGSCV,PLLGFGSCV,2
ALLGMGSCV,PLLGFGTPV,4
ALLGMGSCV,RILGFGSLV,4
ALLGMGSCV,RLLGFGSVV,3
ALLGMGSCV,SILGFGSLV,4
ALLGMGSCV,SLLGFGSHL,4
ALLGMGSCV,SLLGFGSSL,4
ALLGMGSCV,SLYGFGSLV,4
ALLGMGSCV,SLYGFGSVV,4
ALLGMGSCV,TILGFGSEV,4
ALLGMGSCV,TLFGFGSLV,4
ALLGMGSCV,TLLGFGSCV,2
ALLGMGSCV,VLHDMGSHV,4
ALLGMGSCV,VLLDIGSWV,4
ALLGMGSCV,VLLGYGSVV,3
ALLGMGSVV,ALVDVGSFV,4
ALLGMGSVV,ALVGFGSQL,4
ALLGMGSVV,ALVGFGSVV,2
ALLGMGSVV,ALWDMGSLV,3
ALLGMGSVV,ALWGIGSQL,4
ALLGMGSVV,CIYGMGSCV,4
ALLGMGSVV,CMLGFGSGV,4
ALLGMGSVV,GILGFGSVV,3
ALLGMGSVV,GILGIGSCV,4
ALLGMGSVV,GILGSGSQV,4
ALLGMGSVV,GILGVGSFV,4
ALLGMGSVV,GILGYGQVV,4
ALLGMGSVV,GLFGFGSCV,4
ALLGMGSVV,GLLGIGSSV,3
ALLGMGSVV,GLLGYGSLV,3
ALLGMGSVV,ILLAMGSQV,3
ALLGMGSVV,ILLGFGSLL,4
ALLGMGSVV,ILYGIGSGV,4
ALLGMGSVV,ILYGMGSLV,3
ALLGMGSVV,LILGFGSQV,4
ALLGMGSVV,LILGMGSLV,3
ALLGMGSVV,LLLAFGSLV,4
ALLGMGSVV,LLLGFGMVL,4
ALLGMGSVV,LLLGFGSEV,3
ALLGMGSVV,LLLGFGTVL,4
ALLGMGSVV,MILGFGLVV,4
ALLGMGSVV,MLLGIGSSV,3
ALLGMGSVV,NILGFGSLV,4
ALLGMGSVV,NILGVGSSV,4
ALLGMGSVV,NLLGFGSGL,4
ALLGMGSVV,NLLGVGSFV,3
ALLGMGSVV,NLVGFGSQV,4
ALLGMGSVV,PLLDRGSLV,4
ALLGMGSVV,PLLGFGSCV,3
ALLGMGSVV,PLLGFGTPV,4
ALLGMGSVV,RILGFGSLV,4
ALLGMGSVV,RLLGFGSVV,2
ALLGMGSVV,SILGFGSLV,4
ALLGMGSVV,SLLGFGSHL,4
ALLGMGSVV,SLLGFGSSL,4
ALLGMGSVV,SLYGFGSLV,4
ALLGMGSVV,SLYGFGSVV,3
ALLGMGSVV,TILGFGSEV,4
ALLGMGSVV,TLFGFGSLV,4
ALLGMGSVV,TLLGFGSCV,3
ALLGMGSVV,TLVDLGSVV,4
ALLGMGSVV,VLHDMGSHV,4
ALLGMGSVV,VLLDIGSWV,4
ALLGMGSVV,VLLGYGSVV,2
ALPGFGTSM,ALVGFGSQL,4
ALPGFGTSM,ALVGFGSVV,4
ALPGFGTSM,LLLGFGTVL,4
ALPGFGTSM,LLVGFGTVM,3
ALPGFGTSM,LLYGFGTQV,4
ALPGFGTSM,PLLGFGTPV,4
ALPGFGTSM,SILGFGTSV,4
ALPGFGTSM,SIPGFGTHV,4
ALPGFGTSM,SLLGFGSSL,4
ALPGFGTSM,TLVGFGTAV,4
ALVDLGTQV,ALVDVGSFV,3
ALVDLGTQV,ALVGFGSQL,4
ALVDLGTQV,ALVGFGSVV,4
ALVDLGTQV,ALWDMGSLV,4
ALVDLGTQV,ELIDRGTLV,4
ALVDLGTQV,ELLDLGLHV,4
ALVDLGTQV,GIVDLGTQL,3
ALVDLGTQV,GLQDLGLFV,4
ALVDLGTQV,HIVDLGSFV,4
ALVDLGTQV,ILVAFGTQV,3
ALVDLGTQV,ILWDLGLAV,4
ALVDLGTQV,LIVDLGGWV,4
ALVDLGTQV,LLVDLGSWL,4
ALVDLGTQV,LLYGFGTQV,4
ALVDLGTQV,MIIDLGLQV,4
ALVDLGTQV,NLLDLGTYL,4
ALVDLGTQV,NLQDLGLAV,4
ALVDLGTQV,NLVGFGSQV,4
ALVDLGTQV,PIVDLGTLL,4
ALVDLGTQV,PLQDLGLFV,4
ALVDLGTQV,PLVDLGSCL,4
ALVDLGTQV,PLVDLGSFL,4
ALVDLGTQV,PLVDLGSFM,4
ALVDLGTQV,PLVDLGSHV,3
ALVDLGTQV,QLVDMGTRV,3
ALVDLGTQV,SIVDLGMPV,4
ALVDLGTQV,SIVDMGTYV,4
ALVDLGTQV,SLPDLGTCV,3
ALVDLGTQV,SLVDLGTFL,3
ALVDLGTQV,TLLDRGTRV,4
ALVDLGTQV,TLQDLGLFV,4
ALVDLGTQV,TLVDLGMPM,4
ALVDLGTQV,TLVDLGSVV,3
ALVDLGTQV,TLVGFGTAV,4
ALVDVGSFV,ALVGFGSQL,4
ALVDVGSFV,ALVGFGSVV,3
ALVDVGSFV,ALWDMGSLV,3
ALVDVGSFV,AMWDRGLFV,4
ALVDVGSFV,CLEDRGSHV,4
ALVDVGSFV,CLLDVGSWM,4
ALVDVGSFV,GILGVGSFV,4
ALVDVGSFV,GLQDLGLFV,4
ALVDVGSFV,HIVDLGSFV,3
ALVDVGSFV,LLEDRGSFV,3
ALVDVGSFV,LLIDVGGWV,4
ALVDVGSFV,LLVDLGSWL,4
ALVDVGSFV,LLVDMGSWM,4
ALVDVGSFV,LLWDVGSLV,3
ALVDVGSFV,NIVDVGSWV,3
ALVDVGSFV,NLIDLGSFL,4
ALVDVGSFV,NLLGVGSFV,3
ALVDVGSFV,NLVGFGSQV,4
ALVDVGSFV,PLLDRGSLV,4
ALVDVGSFV,PLQDLGLFV,4
ALVDVGSFV,PLVDLGSCL,4
ALVDVGSFV,PLVDLGSFL,3
ALVDVGSFV,PLVDLGSFM,3
ALVDVGSFV,PLVDLGSHV,3
ALVDVGSFV,QLVDMGTRV,4
ALVDVGSFV,QLWDRGSAV,4
ALVDVGSFV,QLYDVGLYV,4
ALVDVGSFV,SIVDTGSFV,3
ALVDVGSFV,SLEDRGGFV,4
ALVDVGSFV,SLVDLGTFL,4
ALVDVGSFV,TLQDLGLFV,4
ALVDVGSFV,TLVDLGSVV,3
ALVDVGSFV,VIYDLGSFV,4
ALVDVGSFV,VLHDMGSHV,4
ALVDVGSFV,VLLDIGSWV,4
ALVGFGSQL,ALVGFGSVV,2
ALVGFGSQL,ALWGIGSQL,2
ALVGFGSQL,GILGFGSLL,4
ALVGFGSQL,GIVGFGMHL,4
ALVGFGSQL,GIWGIGSQL,4
ALVGFGSQL,GLFGFGSCV,4
ALVGFGSQL,IIVGFGSFL,3
ALVGFGSQL,ILLGFGSLL,3
ALVGFGSQL,ILVAFGTQV,4
ALVGFGSQL,LIFGFGSHL,4
ALVGFGSQL,LILGFGSQV,4
ALVGFGSQL,LLGGFGLWL,4
ALVGFGSQL,LLLGFGMVL,4
ALVGFGSQL,LLLGFGSEV,4
ALVGFGSQL,LLLGFGTVL,4
ALVGFGSQL,LLVDLGSWL,4
ALVGFGSQL,LLVGFGTVM,4
ALVGFGSQL,LLYGFGTQV,4
ALVGFGSQL,NLLGFGSGL,3
ALVGFGSQL,NLVGFGSQV,2
ALVGFGSQL,NMLGFGSGL,4
ALVGFGSQL,PLLGFGSCV,4
ALVGFGSQL,PLVDLGSCL,4
ALVGFGSQL,PLVDLGSFL,4
ALVGFGSQL,RLLGFGSVV,4
ALVGFGSQL,SILGFGSYL,4
ALVGFGSQL,SLLGFGSHL,3
ALVGFGSQL,SLLGFGSSL,3
ALVGFGSQL,SLYGFGSLV,4
ALVGFGSQL,SLYGFGSVV,4
ALVGFGSQL,TIYGFGSVL,4
ALVGFGSQL,TLFGFGSLV,4
ALVGFGSQL,TLLGFGSCV,4
ALVGFGSQL,TLVGFGTAV,4
ALVGFGSQL,VILGFGSAL,4
ALVGFGSQL,VILGFGSPL,4
ALVGFGSQL,VIVGFGMHL,4
ALVGFGSQL,VIVGFGSQV,3
ALVGFGSVV,ALWDMGSLV,4
ALVGFGSVV,ALWGIGSQL,4
ALVGFGSVV,CMLGFGSGV,4
ALVGFGSVV,GIIGFGLVV,4
ALVGFGSVV,GILGFGSVV,3
ALVGFGSVV,GLFGFGSCV,3
ALVGFGSVV,GLLGIGSSV,4
ALVGFGSVV,GLLGYGSLV,4
ALVGFGSVV,IIVGFGSFL,4
ALVGFGSVV,ILLGFGSLL,4
ALVGFGSVV,ILVAFGTQV,4
ALVGFGSVV,ILYGIGSGV,4
ALVGFGSVV,ILYGMGSLV,4
ALVGFGSVV,LILGFGSQV,4
ALVGFGSVV,LIYGFGSVM,4
ALVGFGSVV,LLGGFGLWV,4
ALVGFGSVV,LLGGFGVWV,4
ALVGFGSVV,LLLAFGSLV,4
ALVGFGSVV,LLLGFGMVL,4
ALVGFGSVV,LLLGFGSEV,3
ALVGFGSVV,LLLGFGTVL,4
ALVGFGSVV,LLVGFGTVM,3
ALVGFGSVV,LLYGFGTQV,4
ALVGFGSVV,MILGFGLVV,4
ALVGFGSVV,MLLGIGSSV,4
ALVGFGSVV,NILGFGSLV,4
ALVGFGSVV,NIMDFGSVV,4
ALVGFGSVV,NIVDFGCVV,4
ALVGFGSVV,NLLGFGSGL,4
ALVGFGSVV,NLLGVGSFV,4
ALVGFGSVV,NLVGFGSQV,2
ALVGFGSVV,PLLGFGSCV,3
ALVGFGSVV,PLLGFGTPV,4
ALVGFGSVV,PLVDLGSHV,4
ALVGFGSVV,RILGFGSLV,4
ALVGFGSVV,RLLGFGSVV,2
ALVGFGSVV,SILGFGSLV,4
ALVGFGSVV,SLLGFGSHL,4
ALVGFGSVV,SLLGFGSSL,4
ALVGFGSVV,SLYGFGSLV,3
ALVGFGSVV,SLYGFGSVV,2
ALVGFGSVV,TILGFGSEV,4
ALVGFGSVV,TIYGFGSVL,4
ALVGFGSVV,TLFGFGSLV,3
ALVGFGSVV,TLLGFGSCV,3
ALVGFGSVV,TLVDLGSVV,3
ALVGFGSVV,TLVGFGTAV,3
ALVGFGSVV,VIVGFGSQV,3
ALVGFGSVV,VLLGYGSVV,3
ALWDMGSLV,ALWGIGSQL,4
ALWDMGSLV,AMWDRGLFV,4
ALWDMGSLV,CLEDRGSHV,4
ALWDMGSLV,ELIDRGTLV,4
ALWDMGSLV,GIWDMGSFM,4
ALWDMGSLV,GIWDMGTLM,4
ALWDMGSLV,GLLGYGSLV,4
ALWDMGSLV,ILEDRGYLV,4
ALWDMGSLV,ILLAMGSQV,4
ALWDMGSLV,ILWDLGLAV,4
ALWDMGSLV,ILYGMGSLV,3
ALWDMGSLV,LILGMGSLV,4
ALWDMGSLV,LLEDRGSFV,4
ALWDMGSLV,LLLAFGSLV,4
ALWDMGSLV,LLVDMGSWM,4
ALWDMGSLV,LLWDVGSLV,2
ALWDMGSLV,NLWDRGLDV,4
ALWDMGSLV,PLLDRGSLV,3
ALWDMGSLV,PLVDLGSHV,4
ALWDMGSLV,QLVDMGTRV,4
ALWDMGSLV,QLWDRGSAV,3
ALWDMGSLV,QLWDRGVVV,4
ALWDMGSLV,SLWDVGTLL,4
ALWDMGSLV,SLYGFGSLV,4
ALWDMGSLV,TLFGFGSLV,4
ALWDMGSLV,TLVDLGSVV,4
ALWDMGSLV,VLHDMGSHV,3
ALWDMGSLV,VLLDIGSWV,4
ALWGIGSQL,ALYAIGTPL,4
ALWGIGSQL,GILGIGSGL,4
ALWGIGSQL,GIWGIGSQL,2
ALWGIGSQL,GIWGVGSFL,4
ALWGIGSQL,GLLGIGSSV,4
ALWGIGSQL,ILLGFGSLL,4
ALWGIGSQL,ILYGIGSGV,4
ALWGIGSQL,LIYGIGSLL,4
ALWGIGSQL,MLLGIGSSV,4
ALWGIGSQL,NLLGFGSGL,4
ALWGIGSQL,NLVGFGSQV,4
ALWGIGSQL,SILGIGSPL,4
ALWGIGSQL,SLLGFGSHL,4
ALWGIGSQL,SLLGFGSSL,4
ALWGIGSQL,VLFGIGAPL,4
ALYAIGTPL,LIYAIGSVL,4
ALYAIGTPL,VLFGIGAPL,4
AMWDRGLFV,DIIDRGLFL,4
AMWDRGLFV,DMIDLGLFV,3
AMWDRGLFV,DMWDRGLFM,2
AMWDRGLFV,EMWDRGLAV,2
AMWDRGLFV,GLQDLGLFV,4
AMWDRGLFV,IIVDRGLLV,4
AMWDRGLFV,ILWDLGLAV,4
AMWDRGLFV,IMWDVGLAM,4
AMWDRGLFV,LIWDRGLVL,4
AMWDRGLFV,LLEDRGSFV,4
AMWDRGLFV,LMFDRGLRL,4
AMWDRGLFV,LMWDLGLAL,4
AMWDRGLFV,LMWDRGCHL,4
AMWDRGLFV,LMWDRGLHL,3
AMWDRGLFV,LMWDRGVCL,4
AMWDRGLFV,LMWDRGVSV,3
AMWDRGLFV,LMWDVGLAM,4
AMWDRGLFV,MIVDRGLYV,4
AMWDRGLFV,MLWDRGLSL,4
AMWDRGLFV,MMWDRGLDM,3
AMWDRGLFV,NLWDRGLDV,3
AMWDRGLFV,PILDRGLYV,4
AMWDRGLFV,PLQDLGLFV,4
AMWDRGLFV,QLWDRGSAV,4
AMWDRGLFV,QLWDRGVVV,4
AMWDRGLFV,SLEDRGGFV,4
AMWDRGLFV,SLWDRGVFL,4
AMWDRGLFV,SMPDLGLLV,4
AMWDRGLFV,TLQDLGLFV,4
AMWDRGLFV,VIMDIGLFV,4
AMWDRGLFV,VMWDRGTYM,4
AMYGRGWWM,LMGGWGIWM,4
AMYGRGWWM,LMGGYGIWM,4
AMYGRGWWM,VLYGTGFWM,4
CIIDMGTVV,CIYGMGSCV,4
CIIDMGTVV,ELIDRGTLV,4
CIIDMGTVV,GIIDLGLLV,4
CIIDMGTVV,GIIDLGSVV,3
CIIDMGTVV,GIIGFGLVV,4
CIIDMGTVV,GIWDMGTLM,4
CIIDMGTVV,MIIDLGLQV,4
CIIDMGTVV,NIMDFGSVV,4
CIIDMGTVV,NIVDFGCVV,4
CIIDMGTVV,QLVDMGTRV,4
CIIDMGTVV,SIVDMGTYV,3
CIYGIGMFV,CIYGMGSCV,3
CIYGIGMFV,GILGFGAFV,4
CIYGIGMFV,GILGIGSCV,4
CIYGIGMFV,GILGVGSFV,4
CIYGIGMFV,GILGVGTFV,4
CIYGIGMFV,GIWGTGSFV,4
CIYGIGMFV,GIYGIGAFL,3
CIYGIGMFV,GIYGIGVDL,4
CIYGIGMFV,GIYGLGFFM,4
CIYGIGMFV,IIYGIGSAV,3
CIYGIGMFV,IIYGVGSLV,4
CIYGIGMFV,ILYGIGSGV,4
CIYGIGMFV,LIYGIGIGM,4
CIYGIGMFV,LIYGIGSLL,4
CIYGIGMFV,VIMDIGLFV,4
CIYGIGMFV,VIYDLGSFV,4
CIYGMGSCV,CMLGFGSGV,4
CIYGMGSCV,EILGFGSCI,4
CIYGMGSCV,GILGFGSVV,4
CIYGMGSCV,GILGIGSCV,3
CIYGMGSCV,GILGSGSQV,4
CIYGMGSCV,GILGVGSFV,4
CIYGMGSCV,GIWGTGSFV,4
CIYGMGSCV,GLFGFGSCV,4
CIYGMGSCV,IILGFGICV,4
CIYGMGSCV,IIYGIGSAV,3
CIYGMGSCV,IIYGVGSLV,3
CIYGMGSCV,ILYGIGSGV,4
CIYGMGSCV,ILYGMGSLV,3
CIYGMGSCV,LILGFGSQV,4
CIYGMGSCV,LILGMGSLV,3
CIYGMGSCV,LIYGFGSVM,4
CIYGMGSCV,LIYGIGSLL,4
CIYGMGSCV,LIYGLGSHM,4
CIYGMGSCV,LIYGVGSQM,4
CIYGMGSCV,NIIAFGSCV,4
CIYGMGSCV,NILGFGLCV,4
CIYGMGSCV,NILGFGSLV,4
CIYGMGSCV,NILGVGSSV,4
CIYGMGSCV,PLLGFGSCV,4
CIYGMGSCV,RILGFGSLV,4
CIYGMGSCV,SILGFGSLV,4
CIYGMGSCV,SLYGFGSLV,4
CIYGMGSCV,SLYGFGSVV,4
CIYGMGSCV,TILGFGSEV,4
CIYGMGSCV,TIYGFGSVL,4
CIYGMGSCV,TLLGFGSCV,4
CIYGMGSCV,VIVGFGSQV,4
CIYGMGSCV,VIYDLGSFV,4
CLEDRGSHV,CLLDVGSWM,4
CLEDRGSHV,ELIDRGTLV,4
CLEDRGSHV,ELLDLGLHV,4
CLEDRGSHV,ILEDRGYLV,3
CLEDRGSHV,LLEDRGSFV,2
CLEDRGSHV,LLWDVGSLV,4
CLEDRGSHV,NLWDRGLDV,4
CLEDRGSHV,PLLDRGSLV,3
CLEDRGSHV,PLVDLGSHV,3
CLEDRGSHV,QLFDRGVHV,3
CLEDRGSHV,QLFDRGVYV,4
CLEDRGSHV,QLWDRGSAV,3
CLEDRGSHV,QLWDRGVVV,4
CLEDRGSHV,SLEDRGGFV,3
CLEDRGSHV,TLLDRGTRV,4
CLEDRGSHV,TLVDLGSVV,4
CLEDRGSHV,VLHDMGSHV,3
CLEDRGSHV,VLLDIGSWV,4
CLIDLGGWM,CLLDVGSWM,3
CLIDLGGWM,ELLDLGMYM,4
CLIDLGGWM,LIVDLGGWV,4
CLIDLGGWM,LLIDVGGWV,3
CLIDLGGWM,LLVDLGSWL,4
CLIDLGGWM,LLVDMGSWM,4
CLIDLGGWM,MMIDLGSWL,4
CLIDLGGWM,NLIDLGSFL,4
CLIDLGGWM,PLVDLGSFM,4
CLIDLGGWM,QLVDMGFWM,4
CLIDLGGWM,TLVDLGMPM,4
CLIDLGGWM,TLWDWGTWM,4
CLIDLGGWM,VLLDIGGWV,4
CLLDVGSWM,ELLDLGMYM,4
CLLDVGSWM,LIVDFGSWM,4
CLLDVGSWM,LLIDVGGWV,4
CLLDVGSWM,LLVDLGSWL,4
CLLDVGSWM,LLVDMGSWM,3
CLLDVGSWM,LLWDVGSLV,4
CLLDVGSWM,NIVDVGSWV,4
CLLDVGSWM,NLLGVGSFV,4
CLLDVGSWM,PLLDRGSLV,4
CLLDVGSWM,PLVDLGSFM,4
CLLDVGSWM,QLVDMGFWM,4
CLLDVGSWM,TLWDWGTWM,4
CLLDVGSWM,VLLDIGGWV,4
CLLDVGSWM,VLLDIGSWV,3
CMLGFGSGV,EILGFGSCI,4
CMLGFGSGV,GILGFGAFV,4
CMLGFGSGV,GILGFGLHV,4
CMLGFGSGV,GILGFGSLL,4
CMLGFGSGV,GILGFGSVV,3
CMLGFGSGV,GILGFGTGV,3
CMLGFGSGV,GILGIGSCV,4
CMLGFGSGV,GILGIGSGL,4
CMLGFGSGV,GILGIGSGM,4
CMLGFGSGV,GILGSGSQV,4
CMLGFGSGV,GILGVGSFV,4
CMLGFGSGV,GLFGFGSCV,4
CMLGFGSGV,GLLGIGSSV,4
CMLGFGSGV,GLLGYGSLV,4
CMLGFGSGV,IILGFGICV,4
CMLGFGSGV,ILLGFGSLL,4
CMLGFGSGV,ILYGIGSGV,4
CMLGFGSGV,LILGFGASV,4
CMLGFGSGV,LILGFGSQV,3
CMLGFGSGV,LILGMGSLV,4
CMLGFGSGV,LLLAFGSLV,4
CMLGFGSGV,LLLGFGSEV,3
CMLGFGSGV,MILGFGLVV,4
CMLGFGSGV,MLLGIGSSV,4
CMLGFGSGV,NILGFGIPV,4
CMLGFGSGV,NILGFGLCV,4
CMLGFGSGV,NILGFGSLV,3
CMLGFGSGV,NILGVGSSV,4
CMLGFGSGV,NLLGFGSGL,3
CMLGFGSGV,NLLGVGSFV,4
CMLGFGSGV,NLVGFGSQV,4
CMLGFGSGV,NMLGFGSGL,2
CMLGFGSGV,PLLGFGSCV,3
CMLGFGSGV,PLLGFGTPV,4
CMLGFGSGV,QILGFGSYM,4
CMLGFGSGV,RILGFGSLV,3
CMLGFGSGV,RILGFGTDV,4
CMLGFGSGV,RLLGFGSVV,3
CMLGFGSGV,SILGFGSLM,4
CMLGFGSGV,SILGFGSLV,3
CMLGFGSGV,SILGFGSYL,4
CMLGFGSGV,SILGFGTSV,4
CMLGFGSGV,SLLGFGSHL,4
CMLGFGSGV,SLLGFGSSL,4
CMLGFGSGV,SLYGFGSLV,4
CMLGFGSGV,SLYGFGSVV,4
CMLGFGSGV,TILGFGSEV,3
CMLGFGSGV,TLFGFGSLV,4
CMLGFGSGV,TLLGFGSCV,3
CMLGFGSGV,VILAFGSSV,4
CMLGFGSGV,VILGFGSAL,4
CMLGFGSGV,VILGFGSAP,4
CMLGFGSGV,VILGFGSLM,4
CMLGFGSGV,VILGFGSPL,4
CMLGFGSGV,VIVGFGSQV,4
CMLGFGSGV,VLLGYGSVV,4
CMLWFCCAL,HMIWFCCAL,2
CMLWFCCAL,NMAWFCCAL,2
DIFDVGLYV,DIIDRGLFL,4
DIFDVGLYV,DMIDLGLFV,4
DIFDVGLYV,GIIDLGLLV,4
DIFDVGLYV,GILDRGLYL,4
DIFDVGLYV,IIVDRGLLV,4
DIFDVGLYV,MIIDLGLQV,4
DIFDVGLYV,MIVDRGLYV,3
DIFDVGLYV,NISDLGLPV,4
DIFDVGLYV,NIVDVGSWV,4
DIFDVGLYV,PILDLGLAV,4
DIFDVGLYV,PILDRGLYM,4
DIFDVGLYV,PILDRGLYV,3
DIFDVGLYV,QLFDRGVYV,4
DIFDVGLYV,QLYDVGLYV,3
DIFDVGLYV,SILDVGLYV,2
DIFDVGLYV,SIVDIGLLV,4
DIFDVGLYV,SIVDMGTYV,4
DIFDVGLYV,VILDLGLCV,4
DIFDVGLYV,VIMDIGLFV,4
DIIDRGLFL,DMIDLGLFV,3
DIIDRGLFL,DMWDRGLFM,3
DIIDRGLFL,GIIDLGLLV,4
DIIDRGLFL,GILDRGLYL,3
DIIDRGLFL,IIVDRGLLV,4
DIIDRGLFL,LIWDRGLVL,3
DIIDRGLFL,LMFDRGLRL,4
DIIDRGLFL,LMWDRGLHL,4
DIIDRGLFL,MIFDRGCFL,3
DIIDRGLFL,MIIDLGLQV,4
DIIDRGLFL,MIVDRGLYV,4
DIIDRGLFL,MLWDRGLSL,4
DIIDRGLFL,NIPDLGLFL,3
DIIDRGLFL,NLIDLGSFL,4
DIIDRGLFL,PILDRGLYM,4
DIIDRGLFL,PILDRGLYV,4
DIIDRGLFL,SLWDRGVFL,4
DIIDRGLFL,TILDRGMHL,4
DIIDRGLFL,VIMDIGLFV,4
DMIDLGLFV,DMWDRGLFM,3
DMIDLGLFV,ELLDLGLHV,4
DMIDLGLFV,EMWDRGLAV,4
DMIDLGLFV,GIIDLGLLV,3
DMIDLGLFV,GIIDLGSVV,4
DMIDLGLFV,GLQDLGLFV,3
DMIDLGLFV,HIVDLGSFV,4
DMIDLGLFV,ILWDLGLAV,4
DMIDLGLFV,LMWDLGLAL,4
DMIDLGLFV,MIIDLGLQV,3
DMIDLGLFV,MMIDLGSWL,4
DMIDLGLFV,NIPDLGLFL,4
DMIDLGLFV,NISDLGLPV,4
DMIDLGLFV,NLIDLGSFL,4
DMIDLGLFV,NLQDLGLAV,4
DMIDLGLFV,PILDLGLAV,4
DMIDLGLFV,PLQDLGLFV,3
DMIDLGLFV,SMPDLGLLV,3
DMIDLGLFV,TLQDLGLFV,3
DMIDLGLFV,TMIDMGSFM,4
DMIDLGLFV,VILDLGLCV,4
DMIDLGLFV,VIMDIGLFV,4
DMIDLGLFV,VIYDLGSFV,4
DMWDRGLFM,EMWDRGLAV,3
DMWDRGLFM,GIWDMGSFM,4
DMWDRGLFM,IMWDVGLAM,3
DMWDRGLFM,LIWDRGLVL,4
DMWDRGLFM,LLFDRGLRM,4
DMWDRGLFM,LMFDRGIAM,4
DMWDRGLFM,LMFDRGLRL,4
DMWDRGLFM,LMWDLGLAL,4
DMWDRGLFM,LMWDRGCHL,4
DMWDRGLFM,LMWDRGLHL,3
DMWDRGLFM,LMWDRGVCL,4
DMWDRGLFM,LMWDRGVSV,4
DMWDRGLFM,LMWDVGLAM,3
DMWDRGLFM,MLWDRGLSL,4
DMWDRGLFM,MMWDRGLDM,2
DMWDRGLFM,NLWDRGLDV,4
DMWDRGLFM,PILDRGLYM,4
DMWDRGLFM,SLWDRGVFL,4
DMWDRGLFM,TMIDMGSFM,4
DMWDRGLFM,VMWDRGTYM,3
EIDLGTFVM,LIDLGMFVM,2
EIDLGTFVM,TIDLGLLVL,4
EILDLGTYL,ELLDLGLHV,4
EILDLGTYL,ELLDLGMYM,3
EILDLGTYL,GILDRGLYL,3
EILDLGTYL,GIVDLGTQL,3
EILDLGTYL,LILGFGTAL,4
EILDLGTYL,NIPDLGLFL,4
EILDLGTYL,NLLDLGTYL,2
EILDLGTYL,PILDLGLAV,4
EILDLGTYL,PILDRGLYM,4
EILDLGTYL,PILDRGLYV,4
EILDLGTYL,PIVDLGTLL,3
EILDLGTYL,PLLDLGLYL,3
EILDLGTYL,SILDVGLYV,4
EILDLGTYL,SILGFGSYL,4
EILDLGTYL,SIVDMGTYV,4
EILDLGTYL,SLVDLGTFL,4
EILDLGTYL,TILDRGMHL,4
EILDLGTYL,VILDLGLCV,4
EILDLGTYL,VLWDRGTYL,4
EILGFGSCI,GILGFGAFV,4
EILGFGSCI,GILGFGAVL,4
EILGFGSCI,GILGFGCPM,4
EILGFGSCI,GILGFGLHV,4
EILGFGSCI,GILGFGLWM,4
EILGFGSCI,GILGFGSLL,3
EILGFGSCI,GILGFGSVV,3
EILGFGSCI,GILGFGTGV,4
EILGFGSCI,GILGIGSCV,3
EILGFGSCI,GILGIGSGL,4
EILGFGSCI,GILGIGSGM,4
EILGFGSCI,GILGSGSQV,4
EILGFGSCI,GILGVGSFV,4
EILGFGSCI,GLFGFGSCV,4
EILGFGSCI,IILGFGICV,3
EILGFGSCI,IIVGFGSFL,4
EILGFGSCI,ILLGFGSLL,4
EILGFGSCI,LIFGFGSHL,4
EILGFGSCI,LILGFGASV,4
EILGFGSCI,LILGFGSQV,3
EILGFGSCI,LILGFGTAL,4
EILGFGSCI,LILGMGSLV,4
EILGFGSCI,LIYGFGSVM,4
EILGFGSCI,LLLGFGSEV,4
EILGFGSCI,MILGFGLVV,4
EILGFGSCI,NIIAFGSCV,4
EILGFGSCI,NILGFGIPV,4
EILGFGSCI,NILGFGLCV,3
EILGFGSCI,NILGFGSLV,3
EILGFGSCI,NILGVGSSV,4
EILGFGSCI,NLLGFGSGL,4
EILGFGSCI,NMLGFGSGL,4
EILGFGSCI,PLLGFGSCV,3
EILGFGSCI,QILGFGCFL,4
EILGFGSCI,QILGFGMLL,4
EILGFGSCI,QILGFGSYM,3
EILGFGSCI,RILGFGSLV,3
EILGFGSCI,RILGFGTDV,4
EILGFGSCI,RLLGFGSVV,4
EILGFGSCI,SILGFGSLM,3
EILGFGSCI,SILGFGSLV,3
EILGFGSCI,SILGFGSYL,3
EILGFGSCI,SILGFGTSV,4
EILGFGSCI,SILGIGSPL,4
EILGFGSCI,SLLGFGSHL,4
EILGFGSCI,SLLGFGSSL,4
EILGFGSCI,TILGFGSEV,3
EILGFGSCI,TIYGFGSVL,4
EILGFGSCI,TLLGFGSCV,3
EILGFGSCI,VILAFGSSV,4
EILGFGSCI,VILGFGSAL,3
EILGFGSCI,VILGFGSAP,3
EILGFGSCI,VILGFGSLM,3
EILGFGSCI,VILGFGSPL,3
EILGFGSCI,VIVGFGSQV,4
ELIDRGTLV,ELLDLGLHV,4
ELIDRGTLV,ELWDRGIRL,4
ELIDRGTLV,ELWDRGVEL,4
ELIDRGTLV,EMWDRGLAV,4
ELIDRGTLV,GIIDLGLLV,4
ELIDRGTLV,IIVDRGLLV,4
ELIDRGTLV,ILEDRGYLV,3
ELIDRGTLV,LLEDRGSFV,4
ELIDRGTLV,LLIDVGGWV,4
ELIDRGTLV,LLWDVGSLV,4
ELIDRGTLV,NLWDRGLDV,4
ELIDRGTLV,PLLDRGSLV,3
ELIDRGTLV,QLFDRGVHV,4
ELIDRGTLV,QLFDRGVYV,4
ELIDRGTLV,QLVDMGTRV,4
ELIDRGTLV,QLWDRGSAV,4
ELIDRGTLV,QLWDRGVVV,4
ELIDRGTLV,SLEDRGGFV,4
ELIDRGTLV,SLPDLGTCV,4
ELIDRGTLV,SLWDVGTLL,4
ELIDRGTLV,TLLDRGTRV,3
ELIDRGTLV,VLWDRGTYL,4
ELLDLGLHV,ELLDLGMYM,3
ELLDLGLHV,EMWDRGLAV,4
ELLDLGLHV,GIIDLGLLV,4
ELLDLGLHV,GILGFGLHV,4
ELLDLGLHV,GLQDLGLFV,3
ELLDLGLHV,ILWDLGLAV,3
ELLDLGLHV,MIIDLGLQV,4
ELLDLGLHV,NISDLGLPV,4
ELLDLGLHV,NLLDLGTYL,4
ELLDLGLHV,NLQDLGLAV,3
ELLDLGLHV,NLWDRGLDV,4
ELLDLGLHV,PILDLGLAV,3
ELLDLGLHV,PILDRGLYV,4
ELLDLGLHV,PLLDLGLYL,3
ELLDLGLHV,PLLDRGSLV,4
ELLDLGLHV,PLQDLGLFV,3
ELLDLGLHV,PLVDLGSHV,3
ELLDLGLHV,QLFDRGVHV,4
ELLDLGLHV,QLYDVGLYV,4
ELLDLGLHV,SILDVGLYV,4
ELLDLGLHV,SLPDLGTCV,4
ELLDLGLHV,SMPDLGLLV,4
ELLDLGLHV,TLLDRGTRV,4
ELLDLGLHV,TLQDLGLFV,3
ELLDLGLHV,TLVDLGSVV,4
ELLDLGLHV,VILDLGLCV,3
ELLDLGLHV,VLHDMGSHV,4
ELLDLGLHV,VLLDIGGWV,4
ELLDLGLHV,VLLDIGSWV,4
ELLDLGMYM,NLLDLGTYL,3
ELLDLGMYM,PILDRGLYM,4
ELLDLGMYM,PLLDLGLYL,3
ELLDLGMYM,PLVDLGSFM,4
ELLDLGMYM,TLVDLGMPM,3
ELWDRGIRL,ELWDRGVEL,2
ELWDRGIRL,EMWDRGLAV,4
ELWDRGIRL,LIWDRGLVL,4
ELWDRGIRL,LLFDRGLRM,4
ELWDRGIRL,LLWDYGIWL,3
ELWDRGIRL,LMFDRGLRL,4
ELWDRGIRL,LMWDRGCHL,4
ELWDRGIRL,LMWDRGLHL,4
ELWDRGIRL,LMWDRGVCL,4
ELWDRGIRL,MLWDRGLSL,3
ELWDRGIRL,NLWDRGLDV,4
ELWDRGIRL,QLWDRGSAV,4
ELWDRGIRL,QLWDRGVVV,4
ELWDRGIRL,SLWDRGVFL,3
ELWDRGIRL,SLWDVGTLL,4
ELWDRGIRL,TLLDRGTRV,4
ELWDRGIRL,VLWDRGTYL,3
ELWDRGIRL,VLWDRGVYL,3
ELWDRGVEL,EMWDRGLAV,4
ELWDRGVEL,LIWDRGLVL,4
ELWDRGVEL,LLWDYGIWL,4
ELWDRGVEL,LMWDRGCHL,4
ELWDRGVEL,LMWDRGLHL,4
ELWDRGVEL,LMWDRGVCL,3
ELWDRGVEL,LMWDRGVSV,4
ELWDRGVEL,MLWDRGLSL,3
ELWDRGVEL,MMWDYGCEL,4
ELWDRGVEL,MMWDYGVGL,4
ELWDRGVEL,NLWDRGLDV,4
ELWDRGVEL,QLFDRGVHV,4
ELWDRGVEL,QLFDRGVYV,4
ELWDRGVEL,QLWDRGSAV,4
ELWDRGVEL,QLWDRGVVV,3
ELWDRGVEL,SLWDRGVFL,2
ELWDRGVEL,SLWDVGTLL,4
ELWDRGVEL,VLWDRGTYL,3
ELWDRGVEL,VLWDRGVYL,2
EMWDRGLAV,IIVDRGLLV,4
EMWDRGLAV,ILWDLGLAV,3
EMWDRGLAV,IMWDVGLAM,3
EMWDRGLAV,LIWDRGLVL,4
EMWDRGLAV,LMFDRGIAM,4
EMWDRGLAV,LMFDRGLRL,4
EMWDRGLAV,LMWDLGLAL,3
EMWDRGLAV,LMWDRGCHL,4
EMWDRGLAV,LMWDRGLHL,3
EMWDRGLAV,LMWDRGVCL,4
EMWDRGLAV,LMWDRGVSV,3
EMWDRGLAV,LMWDVGLAM,3
EMWDRGLAV,MIVDRGLYV,4
EMWDRGLAV,MLWDRGLSL,4
EMWDRGLAV,MMWDRGLDM,3
EMWDRGLAV,NLQDLGLAV,4
EMWDRGLAV,NLWDRGLDV,3
EMWDRGLAV,PILDLGLAV,4
EMWDRGLAV,PILDRGLYV,4
EMWDRGLAV,QLWDRGSAV,3
EMWDRGLAV,QLWDRGVVV,4
EMWDRGLAV,SMPDLGLLV,4
EMWDRGLAV,VMWDRGTYM,4
GIIDLGLLV,GIIDLGSVV,2
GIIDLGLLV,GIIGFGLVV,3
GIIDLGLLV,GILDRGLYL,4
GIIDLGLLV,GILGFGLHV,4
GIIDLGLLV,GIVDLGTQL,4
GIIDLGLLV,GIWDMGTLM,4
GIIDLGLLV,GLQDLGLFV,3
GIIDLGLLV,HIVDLGSFV,4
GIIDLGLLV,IIIGFGLPV,4
GIIDLGLLV,IIVDRGLLV,3
GIIDLGLLV,ILWDLGLAV,4
GIIDLGLLV,LIVDLGGWV,4
GIIDLGLLV,MIIDLGLQV,2
GIIDLGLLV,MIVDRGLYV,4
GIIDLGLLV,NIPDLGLFL,4
GIIDLGLLV,NISDLGLPV,3
GIIDLGLLV,NLQDLGLAV,4
GIIDLGLLV,PILDLGLAV,3
GIIDLGLLV,PILDRGLYV,4
GIIDLGLLV,PIVDLGTLL,4
GIIDLGLLV,PLQDLGLFV,4
GIIDLGLLV,SILDVGLYV,4
GIIDLGLLV,SIVDIGLLV,3
GIIDLGLLV,SIVDLGMPV,4
GIIDLGLLV,SMPDLGLLV,3
GIIDLGLLV,TLQDLGLFV,4
GIIDLGLLV,VILDLGLCV,3
GIIDLGLLV,VIMDIGLFV,4
GIIDLGLLV,VIYDLGSFV,4
GIIDLGSVV,GIIGFGLVV,3
GIIDLGSVV,GILGFGSVV,3
GIIDLGSVV,GILGIGSCV,4
GIIDLGSVV,GILGSGSQV,4
GIIDLGSVV,GILGVGSFV,4
GIIDLGSVV,GILGYGQVV,4
GIIDLGSVV,GIVDLGTQL,4
GIIDLGSVV,GIWDMGSFM,4
GIIDLGSVV,GIWGTGSFV,4
GIIDLGSVV,GLQDLGLFV,4
GIIDLGSVV,HIVDLGSFV,3
GIIDLGSVV,LIVDLGGWV,4
GIIDLGSVV,MIIDLGLQV,3
GIIDLGSVV,MMIDLGSWL,4
GIIDLGSVV,NIIAFGSCV,4
GIIDLGSVV,NIMDFGSVV,3
GIIDLGSVV,NISDLGLPV,4
GIIDLGSVV,NIVDFGCVV,4
GIIDLGSVV,NIVDVGSWV,4
GIIDLGSVV,NLIDLGSFL,4
GIIDLGSVV,PILDLGLAV,4
GIIDLGSVV,PLVDLGSHV,4
GIIDLGSVV,SIVDLGMPV,4
GIIDLGSVV,SIVDTGSFV,4
GIIDLGSVV,TLVDLGSVV,3
GIIDLGSVV,VILDLGLCV,4
GIIDLGSVV,VIYDLGSFV,3
GIIGFGLVV,GILGFGAFV,3
GIIGFGLVV,GILGFGAVL,3
GIIGFGLVV,GILGFGCPM,4
GIIGFGLVV,GILGFGLHV,2
GIIGFGLVV,GILGFGLWM,3
GIIGFGLVV,GILGFGSLL,4
GIIGFGLVV,GILGFGSVV,2
GIIGFGLVV,GILGFGTGV,3
GIIGFGLVV,GILGIGSCV,4
GIIGFGLVV,GILGSGSQV,4
GIIGFGLVV,GILGVGSFV,4
GIIGFGLVV,GILGVGTFV,4
GIIGFGLVV,GILGWGCPV,4
GIIGFGLVV,GILGYGQVV,3
GIIGFGLVV,GIVGFGMHL,4
GIIGFGLVV,GIWGTGSFV,4
GIIGFGLVV,GLFGFGSCV,4
GIIGFGLVV,IIIGFGLPV,2
GIIGFGLVV,IILGFGICV,4
GIIGFGLVV,LILAFGLQV,4
GIIGFGLVV,LILGFGASV,4
GIIGFGLVV,LILGFGSQV,4
GIIGFGLVV,LIYGFGSVM,4
GIIGFGLVV,LLGGFGLWV,4
GIIGFGLVV,MIIDLGLQV,4
GIIGFGLVV,MILGFGLVV,2
GIIGFGLVV,NIIAFGSCV,4
GIIGFGLVV,NILGFGIPV,4
GIIGFGLVV,NILGFGLCV,3
GIIGFGLVV,NILGFGSLV,4
GIIGFGLVV,NIMDFGSVV,4
GIIGFGLVV,NIVDFGCVV,4
GIIGFGLVV,RILGFGSLV,4
GIIGFGLVV,RILGFGTDV,4
GIIGFGLVV,RLLGFGSVV,4
GIIGFGLVV,SILGFGSLV,4
GIIGFGLVV,SILGFGTSV,4
GIIGFGLVV,SIPGFGTHV,4
GIIGFGLVV,SLYGFGSVV,4
GIIGFGLVV,TILGFGSEV,4
GIIGFGLVV,TIVGFGLWM,4
GIIGFGLVV,TIYGFGSVL,4
GIIGFGLVV,VIVGFGSQV,4
GILDRGLYL,GILGFGAVL,4
GILDRGLYL,GILGFGLHV,4
GILDRGLYL,GILGFGLWM,4
GILDRGLYL,GILGFGSLL,4
GILDRGLYL,GILGIGSGL,4
GILDRGLYL,GIVDLGTQL,4
GILDRGLYL,IIVDRGLLV,4
GILDRGLYL,LIWDRGLVL,3
GILDRGLYL,LMFDRGLRL,4
GILDRGLYL,LMWDRGLHL,4
GILDRGLYL,MIFDRGCFL,4
GILDRGLYL,MIVDRGLYV,3
GILDRGLYL,MLWDRGLSL,4
GILDRGLYL,NIPDLGLFL,4
GILDRGLYL,NLLDLGTYL,4
GILDRGLYL,PILDLGLAV,4
GILDRGLYL,PILDRGLYM,2
GILDRGLYL,PILDRGLYV,2
GILDRGLYL,PLLDLGLYL,3
GILDRGLYL,SILDVGLYV,3
GILDRGLYL,SILGFGSYL,4
GILDRGLYL,TILDRGMHL,3
GILDRGLYL,VILDLGLCV,4
GILDRGLYL,VLWDRGTYL,4
GILDRGLYL,VLWDRGVYL,4
GILGFGAFV,GILGFGAVL,2
GILGFGAFV,GILGFGCPM,3
GILGFGAFV,GILGFGLHV,2
GILGFGAFV,GILGFGLWM,3
GILGFGAFV,GILGFGSLL,3
GILGFGAFV,GILGFGSVV,2
GILGFGAFV,GILGFGTGV,2
GILGFGAFV,GILGIGSCV,3
GILGFGAFV,GILGIGSGL,4
GILGFGAFV,GILGIGSGM,4
GILGFGAFV,GILGSGSQV,3
GILGFGAFV,GILGVGSFV,2
GILGFGAFV,GILGVGTFV,2
GILGFGAFV,GILGWGCPV,3
GILGFGAFV,GILGYGQVV,3
GILGFGAFV,GIVGFGMHL,4
GILGFGAFV,GIWGTGSFV,3
GILGFGAFV,GIWGVGSFL,4
GILGFGAFV,GIYGIGAFL,3
GILGFGAFV,GIYGLGFFM,4
GILGFGAFV,GLFGFGSCV,4
GILGFGAFV,GLLGIGSSV,4
GILGFGAFV,GLLGYGSLV,4
GILGFGAFV,IIIGFGLPV,4
GILGFGAFV,IILGFGICV,3
GILGFGAFV,IIVGFGSFL,4
GILGFGAFV,LILAFGLQV,4
GILGFGAFV,LILGFGASV,2
GILGFGAFV,LILGFGSQV,3
GILGFGAFV,LILGFGTAL,4
GILGFGAFV,LILGMGSLV,4
GILGFGAFV,LILWFGTSV,4
GILGFGAFV,LLLGFGSEV,4
GILGFGAFV,MILGFGLVV,3
GILGFGAFV,NILGFGIPV,3
GILGFGAFV,NILGFGLCV,3
GILGFGAFV,NILGFGSLV,3
GILGFGAFV,NILGVGSSV,4
GILGFGAFV,NLLGVGSFV,4
GILGFGAFV,PLLGFGSCV,4
GILGFGAFV,PLLGFGTPV,4
GILGFGAFV,QILGFGCFL,3
GILGFGAFV,QILGFGMLL,4
GILGFGAFV,QILGFGSYM,4
GILGFGAFV,RILGFGSLV,3
GILGFGAFV,RILGFGTDV,3
GILGFGAFV,RLLGFGSVV,4
GILGFGAFV,SILGFGSLM,4
GILGFGAFV,SILGFGSLV,3
GILGFGAFV,SILGFGSYL,4
GILGFGAFV,SILGFGTSV,3
GILGFGAFV,SIPGFGTHV,4
GILGFGAFV,TILGFGSEV,3
GILGFGAFV,TLLGFGSCV,4
GILGFGAFV,VILAFGSSV,4
GILGFGAFV,VILAFGTHV,4
GILGFGAFV,VILGFGSAL,4
GILGFGAFV,VILGFGSAP,4
GILGFGAFV,VILGFGSLM,4
GILGFGAFV,VILGFGSPL,4
GILGFGAFV,VIVGFGSQV,4
GILGFGAVL,GILGFGCPM,3
GILGFGAVL,GILGFGLHV,3
GILGFGAVL,GILGFGLWM,3
GILGFGAVL,GILGFGSLL,2
GILGFGAVL,GILGFGSVV,2
GILGFGAVL,GILGFGTGV,3
GILGFGAVL,GILGIGSCV,4
GILGFGAVL,GILGIGSGL,3
GILGFGAVL,GILGIGSGM,4
GILGFGAVL,GILGSGSQV,4
GILGFGAVL,GILGVGSFV,4
GILGFGAVL,GILGVGTFV,4
GILGFGAVL,GILGWGCPV,4
GILGFGAVL,GILGYGQVV,3
GILGFGAVL,GIVGFGMHL,3
GILGFGAVL,GIWGIGSQL,4
GILGFGAVL,GIWGVGSFL,4
GILGFGAVL,GIYGIGAFL,3
GILGFGAVL,GIYGIGVDL,4
GILGFGAVL,IILGFGICV,4
GILGFGAVL,IIVGFGSFL,4
GILGFGAVL,ILLGFGSLL,4
GILGFGAVL,LIFGFGSHL,4
GILGFGAVL,LILGFGASV,3
GILGFGAVL,LILGFGSQV,4
GILGFGAVL,LILGFGTAL,3
GILGFGAVL,LIYGFGSVM,4
GILGFGAVL,LLLGFGMVL,3
GILGFGAVL,LLLGFGTVL,3
GILGFGAVL,MILGFGLVV,3
GILGFGAVL,NILGFGIPV,4
GILGFGAVL,NILGFGLCV,4
GILGFGAVL,NILGFGSLV,4
GILGFGAVL,NLLGFGSGL,4
GILGFGAVL,NMLGFGSGL,4
GILGFGAVL,QILGFGCFL,3
GILGFGAVL,QILGFGMLL,3
GILGFGAVL,QILGFGSYM,4
GILGFGAVL,RILGFGSLV,4
GILGFGAVL,RILGFGTDV,4
GILGFGAVL,RLLGFGSVV,4
GILGFGAVL,SILGFGSLM,4
GILGFGAVL,SILGFGSLV,4
GILGFGAVL,SILGFGSYL,3
GILGFGAVL,SILGFGTSV,4
GILGFGAVL,SILGIGSPL,4
GILGFGAVL,SLLGFGSHL,4
GILGFGAVL,SLLGFGSSL,4
GILGFGAVL,TILGFGSEV,4
GILGFGAVL,TIYGFGSVL,3
GILGFGAVL,VILGFGSAL,3
GILGFGAVL,VILGFGSAP,4
GILGFGAVL,VILGFGSLM,4
GILGFGAVL,VILGFGSPL,3
GILGFGAVL,VIVGFGMHL,4
GILGFGCPM,GILGFGLHV,3
GILGFGCPM,GILGFGLWM,2
GILGFGCPM,GILGFGSLL,3
GILGFGCPM,GILGFGSVV,3
GILGFGCPM,GILGFGTGV,3
GILGFGCPM,GILGIGSCV,4
GILGFGCPM,GILGIGSGL,4
GILGFGCPM,GILGIGSGM,3
GILGFGCPM,GILGSGSQV,4
GILGFGCPM,GILGVGSFV,4
GILGFGCPM,GILGVGTFV,4
GILGFGCPM,GILGWGCPV,2
GILGFGCPM,GILGYGQVV,4
GILGFGCPM,GIVGFGMHL,4
GILGFGCPM,GIYGLGFFM,4
GILGFGCPM,IIIGFGLPV,4
GILGFGCPM,IILGFGICV,4
GILGFGCPM,LILGFGASV,4
GILGFGCPM,LILGFGSQV,4
GILGFGCPM,LILGFGTAL,4
GILGFGCPM,LIVGFGFWM,4
GILGFGCPM,LIYGFGSVM,4
GILGFGCPM,MILGFGLVV,4
GILGFGCPM,NILGFGIPV,3
GILGFGCPM,NILGFGLCV,4
GILGFGCPM,NILGFGSLV,4
GILGFGCPM,PLLGFGTPV,4
GILGFGCPM,QILGFGCFL,3
GILGFGCPM,QILGFGMLL,4
GILGFGCPM,QILGFGSYM,3
GILGFGCPM,RILGFGSLV,4
GILGFGCPM,RILGFGTDV,4
GILGFGCPM,SILGFGSLM,3
GILGFGCPM,SILGFGSLV,4
GILGFGCPM,SILGFGSYL,4
GILGFGCPM,SILGFGTSV,4
GILGFGCPM,SILGIGSPL,4
GILGFGCPM,TILGFGSEV,4
GILGFGCPM,TIVGFGLWM,4
GILGFGCPM,VILGFGSAL,4
GILGFGCPM,VILGFGSAP,4
GILGFGCPM,VILGFGSLM,3
GILGFGCPM,VILGFGSPL,3
GILGFGLHV,GILGFGLWM,2
GILGFGLHV,GILGFGSLL,3
GILGFGLHV,GILGFGSVV,2
GILGFGLHV,GILGFGTGV,2
GILGFGLHV,GILGIGSCV,3
GILGFGLHV,GILGIGSGL,4
GILGFGLHV,GILGIGSGM,4
GILGFGLHV,GILGSGSQV,3
GILGFGLHV,GILGVGSFV,3
GILGFGLHV,GILGVGTFV,3
GILGFGLHV,GILGWGCPV,3
GILGFGLHV,GILGYGQVV,3
GILGFGLHV,GIVGFGMHL,3
GILGFGLHV,GIWGTGSFV,4
GILGFGLHV,GLFGFGSCV,4
GILGFGLHV,GLLGIGSSV,4
GILGFGLHV,GLLGYGSLV,4
GILGFGLHV,IIIGFGLPV,3
GILGFGLHV,IILGFGICV,3
GILGFGLHV,LIFGFGSHL,4
GILGFGLHV,LILAFGLQV,3
GILGFGLHV,LILGFGASV,3
GILGFGLHV,LILGFGSQV,3
GILGFGLHV,LILGFGTAL,4
GILGFGLHV,LILGMGSLV,4
GILGFGLHV,LILWFGTSV,4
GILGFGLHV,LLGGFGLWV,4
GILGFGLHV,LLLGFGSEV,4
GILGFGLHV,MILGFGLVV,2
GILGFGLHV,NILGFGIPV,3
GILGFGLHV,NILGFGLCV,2
GILGFGLHV,NILGFGSLV,3
GILGFGLHV,NILGVGSSV,4
GILGFGLHV,PILDLGLAV,4
GILGFGLHV,PILDRGLYV,4
GILGFGLHV,PLLGFGSCV,4
GILGFGLHV,PLLGFGTPV,4
GILGFGLHV,QILGFGCFL,4
GILGFGLHV,QILGFGMLL,4
GILGFGLHV,QILGFGSYM,4
GILGFGLHV,RILGFGSLV,3
GILGFGLHV,RILGFGTDV,3
GILGFGLHV,RLLGFGSVV,4
GILGFGLHV,SILDVGLYV,4
GILGFGLHV,SILGFGSLM,4
GILGFGLHV,SILGFGSLV,3
GILGFGLHV,SILGFGSYL,4
GILGFGLHV,SILGFGTSV,3
GILGFGLHV,SIPGFGTHV,3
GILGFGLHV,SLLGFGSHL,4
GILGFGLHV,TILGFGSEV,3
GILGFGLHV,TIVGFGLWM,4
GILGFGLHV,TLLGFGSCV,4
GILGFGLHV,VILAFGSSV,4
GILGFGLHV,VILAFGTHV,3
GILGFGLHV,VILDLGLCV,4
GILGFGLHV,VILGFGSAL,4
GILGFGLHV,VILGFGSAP,4
GILGFGLHV,VILGFGSLM,4
GILGFGLHV,VILGFGSPL,4
GILGFGLHV,VIVGFGMHL,4
GILGFGLHV,VIVGFGSQV,4
GILGFGLWM,GILGFGSLL,3
GILGFGLWM,GILGFGSVV,3
GILGFGLWM,GILGFGTGV,3
GILGFGLWM,GILGIGSCV,4
GILGFGLWM,GILGIGSGL,4
GILGFGLWM,GILGIGSGM,3
GILGFGLWM,GILGSGSQV,4
GILGFGLWM,GILGVGSFV,4
GILGFGLWM,GILGVGTFV,4
GILGFGLWM,GILGWGCPV,4
GILGFGLWM,GILGYGQVV,4
GILGFGLWM,GIVGFGMHL,4
GILGFGLWM,GIYGLGFFM,4
GILGFGLWM,IIIGFGLPV,4
GILGFGLWM,IILGFGICV,4
GILGFGLWM,LILAFGLQV,4
GILGFGLWM,LILGFGASV,4
GILGFGLWM,LILGFGSQV,4
GILGFGLWM,LILGFGTAL,4
GILGFGLWM,LIVDFGSWM,4
GILGFGLWM,LIVGFGFWM,3
GILGFGLWM,LIYGFGSVM,4
GILGFGLWM,LLGGFGLWL,4
GILGFGLWM,LLGGFGLWV,4
GILGFGLWM,LMGGFGLWL,4
GILGFGLWM,MILGFGLVV,3
GILGFGLWM,NILGFGIPV,4
GILGFGLWM,NILGFGLCV,3
GILGFGLWM,NILGFGSLV,4
GILGFGLWM,PILDRGLYM,4
GILGFGLWM,QILGFGCFL,4
GILGFGLWM,QILGFGMLL,4
GILGFGLWM,QILGFGSYM,3
GILGFGLWM,RILGFGSLV,4
GILGFGLWM,RILGFGTDV,4
GILGFGLWM,SILGFGSLM,3
GILGFGLWM,SILGFGSLV,4
GILGFGLWM,SILGFGSYL,4
GILGFGLWM,SILGFGTSV,4
GILGFGLWM,TILGFGSEV,4
GILGFGLWM,TIVGFGLWM,2
GILGFGLWM,VILGFGSAL,4
GILGFGLWM,VILGFGSAP,4
GILGFGLWM,VILGFGSLM,3
GILGFGLWM,VILGFGSPL,4
GILGFGSLL,GILGFGSVV,2
GILGFGSLL,GILGFGTGV,3
GILGFGSLL,GILGIGSCV,3
GILGFGSLL,GILGIGSGL,2
GILGFGSLL,GILGIGSGM,3
GILGFGSLL,GILGSGSQV,3
GILGFGSLL,GILGVGSFV,3
GILGFGSLL,GILGVGTFV,4
GILGFGSLL,GILGWGCPV,4
GILGFGSLL,GILGYGQVV,4
GILGFGSLL,GIVGFGMHL,3
GILGFGSLL,GIWGIGSQL,3
GILGFGSLL,GIWGTGSFV,4
GILGFGSLL,GIWGVGSFL,3
GILGFGSLL,GIYGIGAFL,4
GILGFGSLL,GIYGIGVDL,4
GILGFGSLL,GLFGFGSCV,4
GILGFGSLL,GLLGIGSSV,4
GILGFGSLL,GLLGYGSLV,3
GILGFGSLL,IILGFGICV,4
GILGFGSLL,IIVGFGSFL,3
GILGFGSLL,IIYGVGSLV,4
GILGFGSLL,ILLGFGSLL,2
GILGFGSLL,LIFGFGSHL,3
GILGFGSLL,LILGFGASV,4
GILGFGSLL,LILGFGSQV,3
GILGFGSLL,LILGFGTAL,3
GILGFGSLL,LILGMGSLV,3
GILGFGSLL,LIYGFGSVM,4
GILGFGSLL,LIYGIGSLL,3
GILGFGSLL,LLLAFGSLV,4
GILGFGSLL,LLLGFGMVL,4
GILGFGSLL,LLLGFGSEV,4
GILGFGSLL,LLLGFGTVL,4
GILGFGSLL,MILGFGLVV,4
GILGFGSLL,NILGFGIPV,4
GILGFGSLL,NILGFGLCV,4
GILGFGSLL,NILGFGSLV,2
GILGFGSLL,NILGVGSSV,4
GILGFGSLL,NLLGFGSGL,3
GILGFGSLL,NMLGFGSGL,3
GILGFGSLL,PLLGFGSCV,4
GILGFGSLL,QILGFGCFL,3
GILGFGSLL,QILGFGMLL,2
GILGFGSLL,QILGFGSYM,3
GILGFGSLL,RILGFGSLV,2
GILGFGSLL,RILGFGTDV,4
GILGFGSLL,RLLGFGSVV,4
GILGFGSLL,SILGFGSLM,2
GILGFGSLL,SILGFGSLV,2
GILGFGSLL,SILGFGSYL,2
GILGFGSLL,SILGFGTSV,4
GILGFGSLL,SILGIGSPL,3
GILGFGSLL,SLLGFGSHL,3
GILGFGSLL,SLLGFGSSL,3
GILGFGSLL,SLYGFGSLV,4
GILGFGSLL,TILGFGSEV,3
GILGFGSLL,TIYGFGSVL,3
GILGFGSLL,TLFGFGSLV,4
GILGFGSLL,TLLGFGSCV,4
GILGFGSLL,VILAFGSSV,4
GILGFGSLL,VILGFGSAL,2
GILGFGSLL,VILGFGSAP,3
GILGFGSLL,VILGFGSLM,2
GILGFGSLL,VILGFGSPL,2
GILGFGSLL,VIVGFGMHL,4
GILGFGSLL,VIVGFGSQV,4
GILGFGSVV,GILGFGTGV,2
GILGFGSVV,GILGIGSCV,2
GILGFGSVV,GILGIGSGL,3
GILGFGSVV,GILGIGSGM,3
GILGFGSVV,GILGSGSQV,2
GILGFGSVV,GILGVGSFV,2
GILGFGSVV,GILGVGTFV,3
GILGFGSVV,GILGWGCPV,3
GILGFGSVV,GILGYGQVV,2
GILGFGSVV,GIVGFGMHL,4
GILGFGSVV,GIWGIGSQL,4
GILGFGSVV,GIWGTGSFV,3
GILGFGSVV,GIWGVGSFL,4
GILGFGSVV,GLFGFGSCV,3
GILGFGSVV,GLLGIGSSV,3
GILGFGSVV,GLLGYGSLV,3
GILGFGSVV,IIIGFGLPV,4
GILGFGSVV,IILGFGICV,3
GILGFGSVV,IIVGFGSFL,4
GILGFGSVV,IIYGIGSAV,4
GILGFGSVV,IIYGVGSLV,4
GILGFGSVV,ILLGFGSLL,4
GILGFGSVV,LIFGFGSHL,4
GILGFGSVV,LILAFGLQV,4
GILGFGSVV,LILGFGASV,3
GILGFGSVV,LILGFGSQV,2
GILGFGSVV,LILGFGTAL,4
GILGFGSVV,LILGMGSLV,3
GILGFGSVV,LILWFGTSV,4
GILGFGSVV,LIYGFGSVM,3
GILGFGSVV,LLLAFGSLV,4
GILGFGSVV,LLLGFGMVL,4
GILGFGSVV,LLLGFGSEV,3
GILGFGSVV,LLLGFGTVL,4
GILGFGSVV,MILGFGLVV,2
GILGFGSVV,MLLGIGSSV,4
GILGFGSVV,NIIAFGSCV,4
GILGFGSVV,NILGFGIPV,3
GILGFGSVV,NILGFGLCV,3
GILGFGSVV,NILGFGSLV,2
GILGFGSVV,NILGVGSSV,3
GILGFGSVV,NIMDFGSVV,3
GILGFGSVV,NIVDFGCVV,4
GILGFGSVV,NLLGFGSGL,4
GILGFGSVV,NLLGVGSFV,4
GILGFGSVV,NLVGFGSQV,4
GILGFGSVV,NMLGFGSGL,4
GILGFGSVV,PLLGFGSCV,3
GILGFGSVV,PLLGFGTPV,4
GILGFGSVV,QILGFGCFL,4
GILGFGSVV,QILGFGMLL,4
GILGFGSVV,QILGFGSYM,3
GILGFGSVV,RILGFGSLV,2
GILGFGSVV,RILGFGTDV,3
GILGFGSVV,RLLGFGSVV,2
GILGFGSVV,SILGFGSLM,3
GILGFGSVV,SILGFGSLV,2
GILGFGSVV,SILGFGSYL,3
GILGFGSVV,SILGFGTSV,3
GILGFGSVV,SILGIGSPL,4
GILGFGSVV,SIPGFGTHV,4
GILGFGSVV,SLLGFGSHL,4
GILGFGSVV,SLLGFGSSL,4
GILGFGSVV,SLYGFGSLV,4
GILGFGSVV,SLYGFGSVV,3
GILGFGSVV,TILGFGSEV,2
GILGFGSVV,TIYGFGSVL,3
GILGFGSVV,TLFGFGSLV,4
GILGFGSVV,TLLGFGSCV,3
GILGFGSVV,VILAFGSSV,3
GILGFGSVV,VILAFGTHV,4
GILGFGSVV,VILGFGSAL,3
GILGFGSVV,VILGFGSAP,3
GILGFGSVV,VILGFGSLM,3
GILGFGSVV,VILGFGSPL,3
GILGFGSVV,VIVGFGSQV,3
GILGFGSVV,VLLGYGSVV,3
GILGFGTGV,GILGIGSCV,3
GILGFGTGV,GILGIGSGL,3
GILGFGTGV,GILGIGSGM,3
GILGFGTGV,GILGSGSQV,3
GILGFGTGV,GILGVGSFV,3
GILGFGTGV,GILGVGTFV,2
GILGFGTGV,GILGWGCPV,3
GILGFGTGV,GILGYGQVV,3
GILGFGTGV,GIVGFGMHL,4
GILGFGTGV,GIWGTGSFV,4
GILGFGTGV,GLFGFGSCV,4
GILGFGTGV,GLLGIGSSV,4
GILGFGTGV,GLLGYGSLV,4
GILGFGTGV,IIIGFGLPV,4
GILGFGTGV,IILGFGICV,3
GILGFGTGV,LILAFGLQV,4
GILGFGTGV,LILGFGASV,3
GILGFGTGV,LILGFGSQV,3
GILGFGTGV,LILGFGTAL,3
GILGFGTGV,LILGMGSLV,4
GILGFGTGV,LILWFGTSV,3
GILGFGTGV,LLLGFGSEV,4
GILGFGTGV,LLLGFGTVL,4
GILGFGTGV,LLYGFGTQV,4
GILGFGTGV,MILGFGLVV,3
GILGFGTGV,NILGFGIPV,3
GILGFGTGV,NILGFGLCV,3
GILGFGTGV,NILGFGSLV,3
GILGFGTGV,NILGVGSSV,4
GILGFGTGV,NLLGFGSGL,4
GILGFGTGV,NMLGFGSGL,4
GILGFGTGV,PLLGFGSCV,4
GILGFGTGV,PLLGFGTPV,3
GILGFGTGV,QILGFGCFL,4
GILGFGTGV,QILGFGMLL,4
GILGFGTGV,QILGFGSYM,4
GILGFGTGV,RILGFGSLV,3
GILGFGTGV,RILGFGTDV,2
GILGFGTGV,RLLGFGSVV,4
GILGFGTGV,SILGFGSLM,4
GILGFGTGV,SILGFGSLV,3
GILGFGTGV,SILGFGSYL,4
GILGFGTGV,SILGFGTSV,2
GILGFGTGV,SIPGFGTHV,3
GILGFGTGV,TILGFGSEV,3
GILGFGTGV,TLLGFGSCV,4
GILGFGTGV,TLVGFGTAV,4
GILGFGTGV,VILAFGSSV,4
GILGFGTGV,VILAFGTHV,3
GILGFGTGV,VILGFGSAL,4
GILGFGTGV,VILGFGSAP,4
GILGFGTGV,VILGFGSLM,4
GILGFGTGV,VILGFGSPL,4
GILGFGTGV,VIVGFGSQV,4
GILGIGSCV,GILGIGSGL,2
GILGIGSCV,GILGIGSGM,2
GILGIGSCV,GILGSGSQV,2
GILGIGSCV,GILGVGSFV,2
GILGIGSCV,GILGVGTFV,3
GILGIGSCV,GILGWGCPV,3
GILGIGSCV,GILGYGQVV,3
GILGIGSCV,GIWGIGSQL,3
GILGIGSCV,GIWGTGSFV,3
GILGIGSCV,GIWGVGSFL,4
GILGIGSCV,GIYGIGAFL,4
GILGIGSCV,GIYGIGVDL,4
GILGIGSCV,GLFGFGSCV,3
GILGIGSCV,GLLGIGSSV,2
GILGIGSCV,GLLGYGSLV,3
GILGIGSCV,IILGFGICV,3
GILGIGSCV,IIYGIGSAV,3
GILGIGSCV,IIYGVGSLV,4
GILGIGSCV,ILYGIGSGV,4
GILGIGSCV,LILGFGASV,4
GILGIGSCV,LILGFGSQV,3
GILGIGSCV,LILGMGSLV,3
GILGIGSCV,LIYGIGSLL,4
GILGIGSCV,LLLGFGSEV,4
GILGIGSCV,MILGFGLVV,4
GILGIGSCV,MLLGIGSSV,3
GILGIGSCV,NIIAFGSCV,4
GILGIGSCV,NILGFGIPV,4
GILGIGSCV,NILGFGLCV,3
GILGIGSCV,NILGFGSLV,3
GILGIGSCV,NILGVGSSV,3
GILGIGSCV,NLLGVGSFV,4
GILGIGSCV,PLLGFGSCV,3
GILGIGSCV,QILGFGSYM,4
GILGIGSCV,RILGFGSLV,3
GILGIGSCV,RILGFGTDV,4
GILGIGSCV,RLLGFGSVV,4
GILGIGSCV,SILGFGSLM,4
GILGIGSCV,SILGFGSLV,3
GILGIGSCV,SILGFGSYL,4
GILGIGSCV,SILGFGTSV,4
GILGIGSCV,SILGIGSPL,3
GILGIGSCV,TILGFGSEV,3
GILGIGSCV,TLLGFGSCV,3
GILGIGSCV,VILAFGSSV,4
GILGIGSCV,VILDLGLCV,4
GILGIGSCV,VILGFGSAL,4
GILGIGSCV,VILGFGSAP,4
GILGIGSCV,VILGFGSLM,4
GILGIGSCV,VILGFGSPL,4
GILGIGSCV,VIVGFGSQV,4
GILGIGSCV,VLLDIGSWV,4
GILGIGSCV,VLLGYGSVV,4
GILGIGSGL,GILGIGSGM,1
GILGIGSGL,GILGSGSQV,3
GILGIGSGL,GILGVGSFV,3
GILGIGSGL,GILGVGTFV,4
GILGIGSGL,GILGWGCPV,4
GILGIGSGL,GILGYGQVV,4
GILGIGSGL,GIVGFGMHL,4
GILGIGSGL,GIWGIGSQL,2
GILGIGSGL,GIWGTGSFV,4
GILGIGSGL,GIWGVGSFL,3
GILGIGSGL,GIYGIGAFL,3
GILGIGSGL,GIYGIGVDL,3
GILGIGSGL,GLLGIGSSV,3
GILGIGSGL,GLLGYGSLV,4
GILGIGSGL,IIVGFGSFL,4
GILGIGSGL,IIYGIGSAV,4
GILGIGSGL,ILLGFGSLL,4
GILGIGSGL,ILYGIGSGV,4
GILGIGSGL,LIFGFGSHL,4
GILGIGSGL,LILGFGSQV,4
GILGIGSGL,LILGFGTAL,4
GILGIGSGL,LILGMGSLV,4
GILGIGSGL,LIYAIGSVL,4
GILGIGSGL,LIYGIGIGM,4
GILGIGSGL,LIYGIGSLL,3
GILGIGSGL,MLLGIGSSV,4
GILGIGSGL,NILGFGSLV,4
GILGIGSGL,NILGVGSSV,4
GILGIGSGL,NLLGFGSGL,3
GILGIGSGL,NMLGFGSGL,3
GILGIGSGL,QILGFGCFL,4
GILGIGSGL,QILGFGMLL,4
GILGIGSGL,QILGFGSYM,4
GILGIGSGL,RILGFGSLV,4
GILGIGSGL,SILGFGSLM,4
GILGIGSGL,SILGFGSLV,4
GILGIGSGL,SILGFGSYL,3
GILGIGSGL,SILGIGSPL,2
GILGIGSGL,SLLGFGSHL,4
GILGIGSGL,SLLGFGSSL,4
GILGIGSGL,TILGFGSEV,4
GILGIGSGL,TIYGFGSVL,4
GILGIGSGL,VILGFGSAL,3
GILGIGSGL,VILGFGSAP,4
GILGIGSGL,VILGFGSLM,4
GILGIGSGL,VILGFGSPL,3
GILGIGSGM,GILGSGSQV,3
GILGIGSGM,GILGVGSFV,3
GILGIGSGM,GILGVGTFV,4
GILGIGSGM,GILGWGCPV,4
GILGIGSGM,GILGYGQVV,4
GILGIGSGM,GIWDMGSFM,4
GILGIGSGM,GIWGIGSQL,3
GILGIGSGM,GIWGTGSFV,4
GILGIGSGM,GIWGVGSFL,4
GILGIGSGM,GIYGIGAFL,4
GILGIGSGM,GIYGIGVDL,4
GILGIGSGM,GIYGLGFFM,4
GILGIGSGM,GLLGIGSSV,3
GILGIGSGM,GLLGYGSLV,4
GILGIGSGM,IIYGIGSAV,4
GILGIGSGM,ILYGIGSGV,4
GILGIGSGM,LILGFGSQV,4
GILGIGSGM,LILGMGSLV,4
GILGIGSGM,LIYGFGSVM,4
GILGIGSGM,LIYGIGIGM,3
GILGIGSGM,LIYGIGSLL,4
GILGIGSGM,LIYGLGSHM,4
GILGIGSGM,LIYGVGSQM,4
GILGIGSGM,MLLGIGSSV,4
GILGIGSGM,NILGFGSLV,4
GILGIGSGM,NILGVGSSV,4
GILGIGSGM,NLLGFGSGL,4
GILGIGSGM,NMLGFGSGL,4
GILGIGSGM,QILGFGSYM,3
GILGIGSGM,RILGFGSLV,4
GILGIGSGM,SILGFGSLM,3
GILGIGSGM,SILGFGSLV,4
GILGIGSGM,SILGFGSYL,4
GILGIGSGM,SILGIGSPL,3
GILGIGSGM,TILGFGSEV,4
GILGIGSGM,VILGFGSAL,4
GILGIGSGM,VILGFGSAP,4
GILGIGSGM,VILGFGSLM,3
GILGIGSGM,VILGFGSPL,4
GILGSGSQV,GILGVGSFV,2
GILGSGSQV,GILGVGTFV,3
GILGSGSQV,GILGWGCPV,3
GILGSGSQV,GILGYGQVV,3
GILGSGSQV,GIWGIGSQL,3
GILGSGSQV,GIWGTGSFV,3
GILGSGSQV,GIWGVGSFL,4
GILGSGSQV,GLFGFGSCV,4
GILGSGSQV,GLLGIGSSV,3
GILGSGSQV,GLLGYGSLV,3
GILGSGSQV,IILGFGICV,4
GILGSGSQV,IIYGIGSAV,4
GILGSGSQV,IIYGVGSLV,4
GILGSGSQV,ILLAMGSQV,4
GILGSGSQV,LILAFGLQV,4
GILGSGSQV,LILGFGASV,4
GILGSGSQV,LILGFGSQV,2
GILGSGSQV,LILGMGSLV,3
GILGSGSQV,LIYGVGSQM,4
GILGSGSQV,LLLGFGSEV,4
GILGSGSQV,MILGFGLVV,4
GILGSGSQV,MLLGIGSSV,4
GILGSGSQV,NILGFGIPV,4
GILGSGSQV,NILGFGLCV,4
GILGSGSQV,NILGFGSLV,3
GILGSGSQV,NILGVGSSV,3
GILGSGSQV,NLLGVGSFV,4
GILGSGSQV,NLVGFGSQV,4
GILGSGSQV,PLLGFGSCV,4
GILGSGSQV,QILGFGSYM,4
GILGSGSQV,RILGFGSLV,3
GILGSGSQV,RILGFGTDV,4
GILGSGSQV,RLLGFGSVV,4
GILGSGSQV,SILGFGSLM,4
GILGSGSQV,SILGFGSLV,3
GILGSGSQV,SILGFGSYL,4
GILGSGSQV,SILGFGTSV,4
GILGSGSQV,SILGIGSPL,4
GILGSGSQV,TILGFGSEV,3
GILGSGSQV,TLLGFGSCV,4
GILGSGSQV,VILAFGSSV,4
GILGSGSQV,VILGFGSAL,4
GILGSGSQV,VILGFGSAP,4
GILGSGSQV,VILGFGSLM,4
GILGSGSQV,VILGFGSPL,4
GILGSGSQV,VIVGFGSQV,3
GILGSGSQV,VLLGYGSVV,4
GILGVGSFV,GILGVGTFV,1
GILGVGSFV,GILGWGCPV,3
GILGVGSFV,GILGYGQVV,3
GILGVGSFV,GIWDMGSFM,4
GILGVGSFV,GIWGIGSQL,4
GILGVGSFV,GIWGTGSFV,2
GILGVGSFV,GIWGVGSFL,2
GILGVGSFV,GIYGIGAFL,4
GILGVGSFV,GIYGLGFFM,4
GILGVGSFV,GLFGFGSCV,4
GILGVGSFV,GLLGIGSSV,3
GILGVGSFV,GLLGYGSLV,3
GILGVGSFV,HIVDLGSFV,4
GILGVGSFV,IILGFGICV,4
GILGVGSFV,IIVGFGSFL,4
GILGVGSFV,IIYGIGSAV,4
GILGVGSFV,IIYGVGSLV,3
GILGVGSFV,LILGFGASV,4
GILGVGSFV,LILGFGSQV,3
GILGVGSFV,LILGMGSLV,3
GILGVGSFV,LIYGVGSQM,4
GILGVGSFV,LLLGFGSEV,4
GILGVGSFV,MILGFGLVV,4
GILGVGSFV,MLLGIGSSV,4
GILGVGSFV,NILGFGIPV,4
GILGVGSFV,NILGFGLCV,4
GILGVGSFV,NILGFGSLV,3
GILGVGSFV,NILGVGSSV,2
GILGVGSFV,NIVDVGSWV,4
GILGVGSFV,NLLGVGSFV,2
GILGVGSFV,PLLGFGSCV,4
GILGVGSFV,QILGFGCFL,4
GILGVGSFV,QILGFGSYM,4
GILGVGSFV,RILGFGSLV,3
GILGVGSFV,RILGFGTDV,4
GILGVGSFV,RLLGFGSVV,4
GILGVGSFV,SILDVGLYV,4
GILGVGSFV,SILGFGSLM,4
GILGVGSFV,SILGFGSLV,3
GILGVGSFV,SILGFGSYL,4
GILGVGSFV,SILGFGTSV,4
GILGVGSFV,SILGIGSPL,4
GILGVGSFV,SIVDTGSFV,4
GILGVGSFV,TILGFGSEV,3
GILGVGSFV,TLLGFGSCV,4
GILGVGSFV,VILAFGSSV,4
GILGVGSFV,VILGFGSAL,4
GILGVGSFV,VILGFGSAP,4
GILGVGSFV,VILGFGSLM,4
GILGVGSFV,VILGFGSPL,4
GILGVGSFV,VIVGFGSQV,4
GILGVGSFV,VIYDLGSFV,4
GILGVGSFV,VLLGYGSVV,4
GILGVGTFV,GILGWGCPV,3
GILGVGTFV,GILGYGQVV,3
GILGVGTFV,GIWGTGSFV,3
GILGVGTFV,GIWGVGSFL,3
GILGVGTFV,GIYGIGAFL,4
GILGVGTFV,GIYGLGFFM,4
GILGVGTFV,GLLGIGSSV,4
GILGVGTFV,GLLGYGSLV,4
GILGVGTFV,IILGFGICV,4
GILGVGTFV,IIYGVGSLV,4
GILGVGTFV,LILGFGASV,4
GILGVGTFV,LILGFGSQV,4
GILGVGTFV,LILGFGTAL,4
GILGVGTFV,LILGMGSLV,4
GILGVGTFV,LILWFGTSV,4
GILGVGTFV,MILGFGLVV,4
GILGVGTFV,NILGFGIPV,4
GILGVGTFV,NILGFGLCV,4
GILGVGTFV,NILGFGSLV,4
GILGVGTFV,NILGVGSSV,3
GILGVGTFV,NLLGVGSFV,3
GILGVGTFV,PLLGFGTPV,4
GILGVGTFV,QILGFGCFL,4
GILGVGTFV,RILGFGSLV,4
GILGVGTFV,RILGFGTDV,3
GILGVGTFV,SILDVGLYV,4
GILGVGTFV,SILGFGSLV,4
GILGVGTFV,SILGFGTSV,3
GILGVGTFV,SIPGFGTHV,4
GILGVGTFV,TILGFGSEV,4
GILGVGTFV,VILAFGTHV,4
GILGWGCPV,GILGYGQVV,3
GILGWGCPV,GIWGTGSFV,4
GILGWGCPV,GLLGIGSSV,4
GILGWGCPV,GLLGYGSLV,4
GILGWGCPV,IIIGFGLPV,4
GILGWGCPV,IILGFGICV,4
GILGWGCPV,LILGFGASV,4
GILGWGCPV,LILGFGSQV,4
GILGWGCPV,LILGMGSLV,4
GILGWGCPV,MILGFGLVV,4
GILGWGCPV,NILGFGIPV,3
GILGWGCPV,NILGFGLCV,4
GILGWGCPV,NILGFGSLV,4
GILGWGCPV,NILGVGSSV,4
GILGWGCPV,PLLGFGTPV,4
GILGWGCPV,QILGFGCFL,4
GILGWGCPV,RILGFGSLV,4
GILGWGCPV,RILGFGTDV,4
GILGWGCPV,SICGWGRPL,4
GILGWGCPV,SILGFGSLV,4
GILGWGCPV,SILGFGTSV,4
GILGWGCPV,SILGIGSPL,4
GILGWGCPV,TILGFGSEV,4
GILGWGCPV,VILGFGSPL,4
GILGYGQVV,GIWGTGSFV,4
GILGYGQVV,GLLGIGSSV,4
GILGYGQVV,GLLGYGSLV,3
GILGYGQVV,IILGFGICV,4
GILGYGQVV,LILGFGASV,4
GILGYGQVV,LILGFGSQV,4
GILGYGQVV,LILGMGSLV,4
GILGYGQVV,MILGFGLVV,3
GILGYGQVV,NILGFGIPV,4
GILGYGQVV,NILGFGLCV,4
GILGYGQVV,NILGFGSLV,4
GILGYGQVV,NILGVGSSV,4
GILGYGQVV,RILGFGSLV,4
GILGYGQVV,RILGFGTDV,4
GILGYGQVV,RLLGFGSVV,4
GILGYGQVV,SILGFGSLV,4
GILGYGQVV,SILGFGTSV,4
GILGYGQVV,TILGFGSEV,4
GILGYGQVV,VLLGYGSVV,3
GIVDLGTQL,GIVGFGMHL,4
GIVDLGTQL,GIWDMGTLM,4
GIVDLGTQL,GIWGIGSQL,4
GIVDLGTQL,HIVDLGSFV,4
GIVDLGTQL,LIVDLGGWV,4
GIVDLGTQL,LLVDLGSWL,4
GIVDLGTQL,MIIDLGLQV,4
GIVDLGTQL,NIPDLGLFL,4
GIVDLGTQL,NLLDLGTYL,4
GIVDLGTQL,PIVDLGTLL,2
GIVDLGTQL,PLVDLGSCL,4
GIVDLGTQL,PLVDLGSFL,4
GIVDLGTQL,SIVDLGIPM,4
GIVDLGTQL,SIVDLGMPV,4
GIVDLGTQL,SIVDMGTYV,4
GIVDLGTQL,SLVDLGTFL,3
GIVGFGMHL,GIWGIGSQL,4
GIVGFGMHL,GIWGVGSFL,4
GIVGFGMHL,GIYGIGAFL,4
GIVGFGMHL,GIYGIGVDL,4
GIVGFGMHL,IIVGFGSFL,3
GIVGFGMHL,LIFGFGSHL,3
GIVGFGMHL,LILGFGTAL,4
GIVGFGMHL,LIVGFGFWM,4
GIVGFGMHL,LLLGFGMVL,4
GIVGFGMHL,QILGFGCFL,4
GIVGFGMHL,QILGFGMLL,3
GIVGFGMHL,SILGFGSYL,4
GIVGFGMHL,SIPGFGTHV,4
GIVGFGMHL,SLLGFGSHL,4
GIVGFGMHL,TILDRGMHL,4
GIVGFGMHL,TIVGFGLWM,4
GIVGFGMHL,TIYGFGSVL,4
GIVGFGMHL,VILGFGSAL,4
GIVGFGMHL,VILGFGSPL,4
GIVGFGMHL,VIVGFGMHL,1
GIVGFGMHL,VIVGFGSQV,4
GIWDMGSFM,GIWDMGTLM,2
GIWDMGSFM,GIWGIGSQL,4
GIWDMGSFM,GIWGTGSFV,3
GIWDMGSFM,GIWGVGSFL,3
GIWDMGSFM,GIYGLGFFM,4
GIWDMGSFM,HIVDLGSFV,4
GIWDMGSFM,LIVDFGSWM,4
GIWDMGSFM,LLVDMGSWM,4
GIWDMGSFM,PLVDLGSFM,4
GIWDMGSFM,SIVDTGSFV,4
GIWDMGSFM,TMIDMGSFM,3
GIWDMGSFM,VIYDLGSFV,4
GIWDMGTLM,PIVDLGTLL,4
GIWDMGTLM,SIVDMGTYV,4
GIWDMGTLM,SLWDVGTLL,4
GIWDMGTLM,TLWDWGTWM,4
GIWDMGTLM,VMWDRGTYM,4
GIWGIGSQL,GIWGTGSFV,3
GIWGIGSQL,GIWGVGSFL,2
GIWGIGSQL,GIYGIGAFL,3
GIWGIGSQL,GIYGIGVDL,3
GIWGIGSQL,GLLGIGSSV,4
GIWGIGSQL,IIVGFGSFL,4
GIWGIGSQL,IIYGIGSAV,4
GIWGIGSQL,LIFGFGSHL,4
GIWGIGSQL,LILGFGSQV,4
GIWGIGSQL,LIYAIGSVL,4
GIWGIGSQL,LIYGIGSLL,3
GIWGIGSQL,LIYGVGSQM,4
GIWGIGSQL,SILGFGSYL,4
GIWGIGSQL,SILGIGSPL,3
GIWGIGSQL,TIYGFGSVL,4
GIWGIGSQL,VILGFGSAL,4
GIWGIGSQL,VILGFGSPL,4
GIWGIGSQL,VIVGFGSQV,4
GIWGTGSFV,GIWGVGSFL,2
GIWGTGSFV,GIYGIGAFL,4
GIWGTGSFV,GIYGLGFFM,4
GIWGTGSFV,GLFGFGSCV,4
GIWGTGSFV,GLLGIGSSV,4
GIWGTGSFV,GLLGYGSLV,4
GIWGTGSFV,HIVDLGSFV,4
GIWGTGSFV,IIVGFGSFL,4
GIWGTGSFV,IIYGIGSAV,4
GIWGTGSFV,IIYGVGSLV,4
GIWGTGSFV,LILGFGSQV,4
GIWGTGSFV,LILGMGSLV,4
GIWGTGSFV,NILGFGSLV,4
GIWGTGSFV,NILGVGSSV,4
GIWGTGSFV,NLLGVGSFV,4
GIWGTGSFV,RILGFGSLV,4
GIWGTGSFV,SILGFGSLV,4
GIWGTGSFV,SIVDTGSFV,3
GIWGTGSFV,TILGFGSEV,4
GIWGTGSFV,VIVGFGSQV,4
GIWGTGSFV,VIYDLGSFV,4
GIWGVGSFL,GIYGIGAFL,3
GIWGVGSFL,GIYGIGVDL,4
GIWGVGSFL,GIYGLGFFM,4
GIWGVGSFL,IIVGFGSFL,3
GIWGVGSFL,IIYGVGSLV,4
GIWGVGSFL,LIFGFGSHL,4
GIWGVGSFL,LIYGIGSLL,4
GIWGVGSFL,LIYGVGSQM,4
GIWGVGSFL,NILGVGSSV,4
GIWGVGSFL,NLLGVGSFV,4
GIWGVGSFL,QILGFGCFL,4
GIWGVGSFL,SILGFGSYL,4
GIWGVGSFL,SILGIGSPL,4
GIWGVGSFL,TIYGFGSVL,4
GIWGVGSFL,VILGFGSAL,4
GIWGVGSFL,VILGFGSPL,4
GIYGIGAFL,GIYGIGVDL,2
GIYGIGAFL,GIYGLGFFM,3
GIYGIGAFL,IIVGFGSFL,4
GIYGIGAFL,IIYGIGSAV,4
GIYGIGAFL,LIYAIGSVL,4
GIYGIGAFL,LIYGIGIGM,4
GIYGIGAFL,LIYGIGSLL,3
GIYGIGAFL,QILGFGCFL,4
GIYGIGAFL,SILGIGSPL,4
GIYGIGAFL,TIYGFGSVL,4
GIYGIGAFL,VLFGIGAPL,4
GIYGIGVDL,GIYGLGFFM,4
GIYGIGVDL,IIYGIGSAV,4
GIYGIGVDL,LIYAIGSVL,4
GIYGIGVDL,LIYGIGIGM,4
GIYGIGVDL,LIYGIGSLL,3
GIYGIGVDL,SILGIGSPL,4
GIYGIGVDL,TIYGFGSVL,4
GIYGLGFFM,LIVGFGFWM,4
GIYGLGFFM,LIYGFGSVM,4
GIYGLGFFM,LIYGIGIGM,4
GIYGLGFFM,LIYGLGSHM,3
GIYGLGFFM,LIYGVGSQM,4
GIYGLGFFM,VIYDLGSFV,4
GIYGLGFFM,VLYGTGFWM,4
GLFGFGSCV,GLLGIGSSV,3
GLFGFGSCV,GLLGYGSLV,3
GLFGFGSCV,IILGFGICV,4
GLFGFGSCV,ILLGFGSLL,4
GLFGFGSCV,ILYGIGSGV,4
GLFGFGSCV,ILYGMGSLV,4
GLFGFGSCV,LIFGFGSHL,4
GLFGFGSCV,LILGFGSQV,4
GLFGFGSCV,LLGGFGLWV,4
GLFGFGSCV,LLGGFGVWV,4
GLFGFGSCV,LLLAFGSLV,4
GLFGFGSCV,LLLGFGSEV,3
GLFGFGSCV,LLYGFGTQV,4
GLFGFGSCV,MLLGIGSSV,4
GLFGFGSCV,NIIAFGSCV,4
GLFGFGSCV,NILGFGLCV,4
GLFGFGSCV,NILGFGSLV,4
GLFGFGSCV,NLLGFGSGL,4
GLFGFGSCV,NLLGVGSFV,4
GLFGFGSCV,NLVGFGSQV,3
GLFGFGSCV,PLLGFGSCV,2
GLFGFGSCV,PLLGFGTPV,4
GLFGFGSCV,RILGFGSLV,4
GLFGFGSCV,RLLGFGSVV,3
GLFGFGSCV,SILGFGSLV,4
GLFGFGSCV,SLLGFGSHL,4
GLFGFGSCV,SLLGFGSSL,4
GLFGFGSCV,SLYGFGSLV,3
GLFGFGSCV,SLYGFGSVV,3
GLFGFGSCV,TILGFGSEV,4
GLFGFGSCV,TLFGFGSLV,2
GLFGFGSCV,TLLGFGSCV,2
GLFGFGSCV,TLVGFGTAV,4
GLFGFGSCV,VIVGFGSQV,4
GLFGFGSCV,VLLGYGSVV,4
GLLGIGSSV,GLLGYGSLV,2
GLLGIGSSV,IIYGIGSAV,4
GLLGIGSSV,ILLAMGSQV,4
GLLGIGSSV,ILLGFGSLL,4
GLLGIGSSV,ILYGIGSGV,3
GLLGIGSSV,ILYGMGSLV,4
GLLGIGSSV,LILGFGASV,4
GLLGIGSSV,LILGFGSQV,4
GLLGIGSSV,LILGMGSLV,4
GLLGIGSSV,LLLAFGSLV,4
GLLGIGSSV,LLLGFGSEV,3
GLLGIGSSV,MLLGIGSSV,1
GLLGIGSSV,NILGFGSLV,4
GLLGIGSSV,NILGVGSSV,3
GLLGIGSSV,NLLGFGSGL,4
GLLGIGSSV,NLLGVGSFV,3
GLLGIGSSV,NLVGFGSQV,4
GLLGIGSSV,PLLDRGSLV,4
GLLGIGSSV,PLLGFGSCV,3
GLLGIGSSV,PLLGFGTPV,4
GLLGIGSSV,RILGFGSLV,4
GLLGIGSSV,RLLGFGSVV,3
GLLGIGSSV,SILGFGSLV,4
GLLGIGSSV,SILGFGTSV,4
GLLGIGSSV,SILGIGSPL,4
GLLGIGSSV,SLLGFGSHL,4
GLLGIGSSV,SLLGFGSSL,3
GLLGIGSSV,SLYGFGSLV,4
GLLGIGSSV,SLYGFGSVV,4
GLLGIGSSV,TILGFGSEV,4
GLLGIGSSV,TLFGFGSLV,4
GLLGIGSSV,TLLGFGSCV,3
GLLGIGSSV,VILAFGSSV,4
GLLGIGSSV,VLLDIGGWV,4
GLLGIGSSV,VLLDIGSWV,3
GLLGIGSSV,VLLGYGSVV,3
GLLGYGSLV,IIYGVGSLV,4
GLLGYGSLV,ILLAMGSQV,4
GLLGYGSLV,ILLGFGSLL,3
GLLGYGSLV,ILYGIGSGV,4
GLLGYGSLV,ILYGMGSLV,3
GLLGYGSLV,LILGFGSQV,4
GLLGYGSLV,LILGMGSLV,3
GLLGYGSLV,LLLAFGSLV,3
GLLGYGSLV,LLLGFGSEV,3
GLLGYGSLV,LLWDVGSLV,4
GLLGYGSLV,MLLGIGSSV,3
GLLGYGSLV,NILGFGSLV,3
GLLGYGSLV,NILGVGSSV,4
GLLGYGSLV,NLLGFGSGL,4
GLLGYGSLV,NLLGVGSFV,3
GLLGYGSLV,NLVGFGSQV,4
GLLGYGSLV,PLLDRGSLV,3
GLLGYGSLV,PLLGFGSCV,3
GLLGYGSLV,PLLGFGTPV,4
GLLGYGSLV,RILGFGSLV,3
GLLGYGSLV,RLLGFGSVV,3
GLLGYGSLV,SILGFGSLM,4
GLLGYGSLV,SILGFGSLV,3
GLLGYGSLV,SLLGFGSHL,4
GLLGYGSLV,SLLGFGSSL,4
GLLGYGSLV,SLYGFGSLV,3
GLLGYGSLV,SLYGFGSVV,4
GLLGYGSLV,TILGFGSEV,4
GLLGYGSLV,TLFGFGSLV,3
GLLGYGSLV,TLLGFGSCV,3
GLLGYGSLV,VILGFGSLM,4
GLLGYGSLV,VLLDIGSWV,4
GLLGYGSLV,VLLGYGSVV,2
GLQDLGLFV,HIVDLGSFV,4
GLQDLGLFV,ILWDLGLAV,3
GLQDLGLFV,LLEDRGSFV,4
GLQDLGLFV,MIIDLGLQV,4
GLQDLGLFV,NIPDLGLFL,4
GLQDLGLFV,NISDLGLPV,4
GLQDLGLFV,NLIDLGSFL,4
GLQDLGLFV,NLQDLGLAV,2
GLQDLGLFV,NLWDRGLDV,4
GLQDLGLFV,PILDLGLAV,4
GLQDLGLFV,PLLDLGLYL,4
GLQDLGLFV,PLQDLGLFV,1
GLQDLGLFV,PLVDLGSFL,4
GLQDLGLFV,PLVDLGSFM,4
GLQDLGLFV,PLVDLGSHV,4
GLQDLGLFV,QLYDVGLYV,4
GLQDLGLFV,SLEDRGGFV,4
GLQDLGLFV,SLPDLGTCV,4
GLQDLGLFV,SLVDLGTFL,4
GLQDLGLFV,SMPDLGLLV,4
GLQDLGLFV,TLQDLGLFV,1
GLQDLGLFV,TLVDLGSVV,4
GLQDLGLFV,VILDLGLCV,4
GLQDLGLFV,VIMDIGLFV,4
GLQDLGLFV,VIYDLGSFV,4
HIVDLGSFV,IIVDRGLLV,4
HIVDLGSFV,IIVGFGSFL,4
HIVDLGSFV,LIVDFGSWM,4
HIVDLGSFV,LIVDLGGWV,3
HIVDLGSFV,LLEDRGSFV,4
HIVDLGSFV,LLVDLGSWL,4
HIVDLGSFV,MIIDLGLQV,4
HIVDLGSFV,MIVDRGLYV,4
HIVDLGSFV,MIVLWGSWV,4
HIVDLGSFV,NIMDFGSVV,4
HIVDLGSFV,NIPDLGLFL,4
HIVDLGSFV,NISDLGLPV,4
HIVDLGSFV,NIVDFGCVV,4
HIVDLGSFV,NIVDVGSWV,3
HIVDLGSFV,NLIDLGSFL,4
HIVDLGSFV,PILDLGLAV,4
HIVDLGSFV,PIVDLGTLL,4
HIVDLGSFV,PLQDLGLFV,4
HIVDLGSFV,PLVDLGSCL,4
HIVDLGSFV,PLVDLGSFL,3
HIVDLGSFV,PLVDLGSFM,3
HIVDLGSFV,PLVDLGSHV,3
HIVDLGSFV,SIVDIGLLV,4
HIVDLGSFV,SIVDLGIPM,4
HIVDLGSFV,SIVDLGMPV,3
HIVDLGSFV,SIVDMGTYV,4
HIVDLGSFV,SIVDTGSFV,2
HIVDLGSFV,SLVDLGTFL,4
HIVDLGSFV,TLQDLGLFV,4
HIVDLGSFV,TLVDLGSVV,3
HIVDLGSFV,VILDLGLCV,4
HIVDLGSFV,VIMDIGLFV,4
HIVDLGSFV,VIVGFGSQV,4
HIVDLGSFV,VIYDLGSFV,2
HMIWFCCAL,NMAWFCCAL,2
IIIGFGLPV,IILGFGICV,3
IIIGFGLPV,IIVDRGLLV,4
IIIGFGLPV,IIVGFGSFL,4
IIIGFGLPV,IIYGIGSAV,4
IIIGFGLPV,IIYGVGSLV,4
IIIGFGLPV,LILAFGLQV,4
IIIGFGLPV,LILGFGASV,4
IIIGFGLPV,LILGFGSQV,4
IIIGFGLPV,LLGGFGLWV,4
IIIGFGLPV,MIIDLGLQV,4
IIIGFGLPV,MILGFGLVV,3
IIIGFGLPV,NIIAFGSCV,4
IIIGFGLPV,NILGFGIPV,3
IIIGFGLPV,NILGFGLCV,3
IIIGFGLPV,NILGFGSLV,4
IIIGFGLPV,NISDLGLPV,4
IIIGFGLPV,PLLGFGTPV,4
IIIGFGLPV,RILGFGSLV,4
IIIGFGLPV,RILGFGTDV,4
IIIGFGLPV,SILGFGSLV,4
IIIGFGLPV,SILGFGTSV,4
IIIGFGLPV,SIPGFGTHV,4
IIIGFGLPV,TILGFGSEV,4
IIIGFGLPV,TIVGFGLWM,4
IIIGFGLPV,VILGFGSPL,4
IIIGFGLPV,VIVGFGSQV,4
IILGFGICV,IIVGFGSFL,4
IILGFGICV,IIYGIGSAV,4
IILGFGICV,IIYGVGSLV,4
IILGFGICV,ILLGFGSLL,4
IILGFGICV,LILAFGLQV,4
IILGFGICV,LILGFGASV,3
IILGFGICV,LILGFGSQV,3
IILGFGICV,LILGFGTAL,4
IILGFGICV,LILGMGSLV,4
IILGFGICV,LILWFGTSV,4
IILGFGICV,LLLGFGSEV,4
IILGFGICV,MILGFGLVV,3
IILGFGICV,NIIAFGSCV,4
IILGFGICV,NILGFGIPV,2
IILGFGICV,NILGFGLCV,2
IILGFGICV,NILGFGSLV,3
IILGFGICV,NILGVGSSV,4
IILGFGICV,PLLGFGSCV,3
IILGFGICV,PLLGFGTPV,4
IILGFGICV,QILGFGCFL,4
IILGFGICV,QILGFGMLL,4
IILGFGICV,QILGFGSYM,4
IILGFGICV,RILGFGSLV,3
IILGFGICV,RILGFGTDV,3
IILGFGICV,RLLGFGSVV,4
IILGFGICV,SILGFGSLM,4
IILGFGICV,SILGFGSLV,3
IILGFGICV,SILGFGSYL,4
IILGFGICV,SILGFGTSV,3
IILGFGICV,SIPGFGTHV,4
IILGFGICV,TILGFGSEV,3
IILGFGICV,TLLGFGSCV,3
IILGFGICV,VILAFGSSV,4
IILGFGICV,VILAFGTHV,4
IILGFGICV,VILDLGLCV,4
IILGFGICV,VILGFGSAL,4
IILGFGICV,VILGFGSAP,4
IILGFGICV,VILGFGSLM,4
IILGFGICV,VILGFGSPL,4
IILGFGICV,VIVGFGSQV,4
IIVDRGLLV,IIYGVGSLV,4
IIVDRGLLV,ILEDRGYLV,3
IIVDRGLLV,ILWDLGLAV,4
IIVDRGLLV,IMVDCGLGL,4
IIVDRGLLV,LIVDLGGWV,4
IIVDRGLLV,LIWDRGLVL,4
IIVDRGLLV,MIIDLGLQV,4
IIVDRGLLV,MIVDRGLYV,2
IIVDRGLLV,NISDLGLPV,4
IIVDRGLLV,NIVDFGCVV,4
IIVDRGLLV,NIVDVGSWV,4
IIVDRGLLV,NLWDRGLDV,4
IIVDRGLLV,PILDLGLAV,4
IIVDRGLLV,PILDRGLYM,4
IIVDRGLLV,PILDRGLYV,3
IIVDRGLLV,PIVDLGTLL,4
IIVDRGLLV,PLLDRGSLV,4
IIVDRGLLV,SILDVGLYV,4
IIVDRGLLV,SIVDIGLLV,2
IIVDRGLLV,SIVDLGMPV,4
IIVDRGLLV,SIVDMGTYV,4
IIVDRGLLV,SIVDTGSFV,4
IIVDRGLLV,SMPDLGLLV,4
IIVDRGLLV,VILDLGLCV,4
IIVDRGLLV,VIMDIGLFV,4
IIVGFGSFL,IIYGIGSAV,4
IIVGFGSFL,IIYGVGSLV,4
IIVGFGSFL,ILLGFGSLL,3
IIVGFGSFL,LIFGFGSHL,3
IIVGFGSFL,LILGFGSQV,4
IIVGFGSFL,LILGFGTAL,4
IIVGFGSFL,LIVDFGSWM,4
IIVGFGSFL,LIVGFGFWM,4
IIVGFGSFL,LIYGFGSVM,4
IIVGFGSFL,LIYGIGSLL,4
IIVGFGSFL,NILGFGSLV,4
IIVGFGSFL,NLLGFGSGL,4
IIVGFGSFL,NLVGFGSQV,4
IIVGFGSFL,NMLGFGSGL,4
IIVGFGSFL,PLVDLGSFL,4
IIVGFGSFL,QILGFGCFL,3
IIVGFGSFL,QILGFGMLL,4
IIVGFGSFL,QILGFGSYM,4
IIVGFGSFL,RILGFGSLV,4
IIVGFGSFL,SILGFGSLM,4
IIVGFGSFL,SILGFGSLV,4
IIVGFGSFL,SILGFGSYL,3
IIVGFGSFL,SILGIGSPL,4
IIVGFGSFL,SIVDTGSFV,4
IIVGFGSFL,SLLGFGSHL,4
IIVGFGSFL,SLLGFGSSL,4
IIVGFGSFL,TILGFGSEV,4
IIVGFGSFL,TIVGFGLWM,4
IIVGFGSFL,TIYGFGSVL,3
IIVGFGSFL,VILGFGSAL,3
IIVGFGSFL,VILGFGSAP,4
IIVGFGSFL,VILGFGSLM,4
IIVGFGSFL,VILGFGSPL,3
IIVGFGSFL,VIVGFGMHL,3
IIVGFGSFL,VIVGFGSQV,3
IIYGIGSAV,IIYGVGSLV,2
IIYGIGSAV,ILYGIGSGV,2
IIYGIGSAV,ILYGMGSLV,3
IIYGIGSAV,LILGFGSQV,4
IIYGIGSAV,LILGMGSLV,4
IIYGIGSAV,LIYAIGSVL,4
IIYGIGSAV,LIYGFGSVM,4
IIYGIGSAV,LIYGIGIGM,4
IIYGIGSAV,LIYGIGSLL,3
IIYGIGSAV,LIYGLGSHM,4
IIYGIGSAV,LIYGVGSQM,4
IIYGIGSAV,MLLGIGSSV,4
IIYGIGSAV,NILGFGSLV,4
IIYGIGSAV,NILGVGSSV,4
IIYGIGSAV,QIYAWGDAV,4
IIYGIGSAV,RILGFGSLV,4
IIYGIGSAV,SILGFGSLV,4
IIYGIGSAV,SILGIGSPL,4
IIYGIGSAV,SLYGFGSLV,4
IIYGIGSAV,SLYGFGSVV,4
IIYGIGSAV,TILGFGSEV,4
IIYGIGSAV,TIYGFGSVL,4
IIYGIGSAV,VILGFGSAL,4
IIYGIGSAV,VILGFGSAP,4
IIYGIGSAV,VIVGFGSQV,4
IIYGIGSAV,VIYDLGSFV,4
IIYGVGSLV,ILLGFGSLL,4
IIYGVGSLV,ILYGIGSGV,3
IIYGVGSLV,ILYGMGSLV,2
IIYGVGSLV,LILGFGSQV,4
IIYGVGSLV,LILGMGSLV,3
IIYGVGSLV,LIYGFGSVM,4
IIYGVGSLV,LIYGIGSLL,3
IIYGVGSLV,LIYGLGSHM,4
IIYGVGSLV,LIYGVGSQM,3
IIYGVGSLV,LLWDVGSLV,4
IIYGVGSLV,NILGFGSLV,3
IIYGVGSLV,NILGVGSSV,3
IIYGVGSLV,NIVDVGSWV,4
IIYGVGSLV,NLLGVGSFV,4
IIYGVGSLV,RILGFGSLV,3
IIYGVGSLV,SILGFGSLM,4
IIYGVGSLV,SILGFGSLV,3
IIYGVGSLV,SLYGFGSLV,3
IIYGVGSLV,SLYGFGSVV,4
IIYGVGSLV,TILGFGSEV,4
IIYGVGSLV,TIYGFGSVL,4
IIYGVGSLV,TLFGFGSLV,4
IIYGVGSLV,VILGFGSLM,4
IIYGVGSLV,VIVGFGSQV,4
IIYGVGSLV,VIYDLGSFV,4
ILCGWGRGL,ILCGWGRVL,1
ILCGWGRGL,ILILWDYGL,4
ILCGWGRGL,ILLGFGSLL,4
ILCGWGRGL,ILYGIGSGV,4
ILCGWGRGL,LLCGWGRGL,1
ILCGWGRGL,NLLGFGSGL,4
ILCGWGRGL,PLCGWSRSL,3
ILCGWGRGL,RLCGWGRPM,3
ILCGWGRGL,SICGWGRPL,3
ILCGWGRVL,ILLGFGSLL,4
ILCGWGRVL,LLCGWGRGL,2
ILCGWGRVL,LLLGFGMVL,4
ILCGWGRVL,LLLGFGTVL,4
ILCGWGRVL,PLCGWSRSL,3
ILCGWGRVL,RLCGWGRPM,3
ILCGWGRVL,SICGWGRPL,3
ILEDRGYLV,ILWDLGLAV,4
ILEDRGYLV,ILYGMGSLV,4
ILEDRGYLV,LLEDRGSFV,3
ILEDRGYLV,LLWDVGSLV,4
ILEDRGYLV,NLWDRGLDV,4
ILEDRGYLV,PLLDRGSLV,3
ILEDRGYLV,QLFDRGVHV,4
ILEDRGYLV,QLFDRGVYV,4
ILEDRGYLV,QLWDRGSAV,4
ILEDRGYLV,QLWDRGVVV,4
ILEDRGYLV,SLEDRGGFV,3
ILEDRGYLV,TLLDRGTRV,4
ILLAMGSQV,ILLGFGSLL,4
ILLAMGSQV,ILVAFGTQV,3
ILLAMGSQV,ILYGIGSGV,4
ILLAMGSQV,ILYGMGSLV,3
ILLAMGSQV,LILAFGLQV,4
ILLAMGSQV,LILGFGSQV,4
ILLAMGSQV,LILGMGSLV,4
ILLAMGSQV,LLLAFGSLV,3
ILLAMGSQV,LLLGFGSEV,4
ILLAMGSQV,MLLGIGSSV,4
ILLAMGSQV,NLLGVGSFV,4
ILLAMGSQV,NLVGFGSQV,4
ILLAMGSQV,PLLDRGSLV,4
ILLAMGSQV,PLLGFGSCV,4
ILLAMGSQV,RLLGFGSVV,4
ILLAMGSQV,TLLGFGSCV,4
ILLAMGSQV,VILAFGSSV,4
ILLAMGSQV,VLHDMGSHV,4
ILLAMGSQV,VLLDIGSWV,4
ILLAMGSQV,VLLGYGSVV,4
ILLGFGSLL,ILYGIGSGV,4
ILLGFGSLL,ILYGMGSLV,3
ILLGFGSLL,LIFGFGSHL,4
ILLGFGSLL,LILGFGSQV,4
ILLGFGSLL,LILGFGTAL,4
ILLGFGSLL,LILGMGSLV,4
ILLGFGSLL,LIYGIGSLL,4
ILLGFGSLL,LLGGFGLWL,4
ILLGFGSLL,LLLAFGSLV,3
ILLGFGSLL,LLLGFGMVL,3
ILLGFGSLL,LLLGFGSEV,3
ILLGFGSLL,LLLGFGTVL,3
ILLGFGSLL,MLLGIGSSV,4
ILLGFGSLL,NILGFGSLV,3
ILLGFGSLL,NLLGFGSGL,2
ILLGFGSLL,NLLGVGSFV,4
ILLGFGSLL,NLVGFGSQV,4
ILLGFGSLL,NMLGFGSGL,3
ILLGFGSLL,PLLDRGSLV,4
ILLGFGSLL,PLLGFGSCV,3
ILLGFGSLL,PLLGFGTPV,4
ILLGFGSLL,QILGFGCFL,4
ILLGFGSLL,QILGFGMLL,3
ILLGFGSLL,QILGFGSYM,4
ILLGFGSLL,RILGFGSLV,3
ILLGFGSLL,RLLGFGSVV,3
ILLGFGSLL,SILGFGSLM,3
ILLGFGSLL,SILGFGSLV,3
ILLGFGSLL,SILGFGSYL,3
ILLGFGSLL,SILGIGSPL,4
ILLGFGSLL,SLLGFGSHL,2
ILLGFGSLL,SLLGFGSSL,2
ILLGFGSLL,SLYGFGSLV,3
ILLGFGSLL,SLYGFGSVV,4
ILLGFGSLL,TILGFGSEV,4
ILLGFGSLL,TIYGFGSVL,4
ILLGFGSLL,TLFGFGSLV,3
ILLGFGSLL,TLLGFGSCV,3
ILLGFGSLL,VILGFGSAL,3
ILLGFGSLL,VILGFGSAP,4
ILLGFGSLL,VILGFGSLM,3
ILLGFGSLL,VILGFGSPL,3
ILLGFGSLL,VLLGYGSVV,4
ILVAFGTQV,LILAFGLQV,4
ILVAFGTQV,LLLAFGSLV,4
ILVAFGTQV,LLVGFGTVM,4
ILVAFGTQV,LLYGFGTQV,3
ILVAFGTQV,NLVGFGSQV,3
ILVAFGTQV,PLLGFGTPV,4
ILVAFGTQV,QLVDMGTRV,4
ILVAFGTQV,TLVGFGTAV,3
ILVAFGTQV,VILAFGTHV,4
ILVAFGTQV,VIVGFGSQV,4
ILWDLGLAV,IMWDVGLAM,3
ILWDLGLAV,LLWDCGCAM,4
ILWDLGLAV,LLWDVGSLV,4
ILWDLGLAV,LMWDLGLAL,3
ILWDLGLAV,LMWDVGLAM,4
ILWDLGLAV,MIIDLGLQV,4
ILWDLGLAV,MLWDRGLSL,4
ILWDLGLAV,NISDLGLPV,4
ILWDLGLAV,NLQDLGLAV,2
ILWDLGLAV,NLWDRGLDV,3
ILWDLGLAV,PILDLGLAV,3
ILWDLGLAV,PLLDLGLYL,4
ILWDLGLAV,PLQDLGLFV,3
ILWDLGLAV,PLVDLGSHV,4
ILWDLGLAV,QLWDRGSAV,3
ILWDLGLAV,QLWDRGVVV,4
ILWDLGLAV,QLYDVGLYV,4
ILWDLGLAV,SLPDLGTCV,4
ILWDLGLAV,SMPDLGLLV,4
ILWDLGLAV,TLQDLGLFV,3
ILWDLGLAV,TLVDLGSVV,4
ILWDLGLAV,VILDLGLCV,4
ILYGIGSGV,ILYGMGSLV,2
ILYGIGSGV,LIYGIGIGM,4
ILYGIGSGV,LIYGIGSLL,4
ILYGIGSGV,LLLGFGSEV,4
ILYGIGSGV,LLYGFGTQV,4
ILYGIGSGV,MLLGIGSSV,3
ILYGIGSGV,NLLGFGSGL,4
ILYGIGSGV,NLLGVGSFV,4
ILYGIGSGV,NLVGFGSQV,4
ILYGIGSGV,PLLGFGSCV,4
ILYGIGSGV,RLLGFGSVV,4
ILYGIGSGV,SLYGFGSLV,3
ILYGIGSGV,SLYGFGSVV,3
ILYGIGSGV,TLFGFGSLV,4
ILYGIGSGV,TLLGFGSCV,4
ILYGIGSGV,VLLDIGSWV,4
ILYGIGSGV,VLLGYGSVV,4
ILYGMGSLV,LILGMGSLV,3
ILYGMGSLV,LIYGIGSLL,4
ILYGMGSLV,LLLAFGSLV,4
ILYGMGSLV,LLLGFGSEV,4
ILYGMGSLV,LLWDVGSLV,4
ILYGMGSLV,LLYGFGTQV,4
ILYGMGSLV,MLLGIGSSV,4
ILYGMGSLV,NILGFGSLV,4
ILYGMGSLV,NLLGVGSFV,4
ILYGMGSLV,NLVGFGSQV,4
ILYGMGSLV,PLLDRGSLV,4
ILYGMGSLV,PLLGFGSCV,4
ILYGMGSLV,RILGFGSLV,4
ILYGMGSLV,RLLGFGSVV,4
ILYGMGSLV,SILGFGSLV,4
ILYGMGSLV,SLYGFGSLV,2
ILYGMGSLV,SLYGFGSVV,3
ILYGMGSLV,TLFGFGSLV,3
ILYGMGSLV,TLLGFGSCV,4
ILYGMGSLV,VLHDMGSHV,4
ILYGMGSLV,VLLGYGSVV,4
IMVDCGLGL,IMWDVGLAM,4
IMVDCGLGL,LMFDRGLRL,4
IMVDCGLGL,LMWDLGLAL,4
IMVDCGLGL,LMWDRGLHL,4
IMVDCGLGL,MMWDYGVGL,4
IMWDVGLAM,LLWDCGCAM,4
IMWDVGLAM,LMFDRGIAM,4
IMWDVGLAM,LMWDLGLAL,3
IMWDVGLAM,LMWDRGLHL,4
IMWDVGLAM,LMWDVGLAM,1
IMWDVGLAM,MMWDRGLDM,3
IMWDVGLAM,VMWDRGTYM,4
LICGWLRSV,LILGFGASV,4
LICGWLRSV,LLCGWGRGL,4
LICGWLRSV,PLCGWSRSL,4
LICGWLRSV,SICGWGRPL,4
LIDLGMFVM,TIDLGLLVL,4
LIDLGMFVM,TIDMGMQVV,4
LIFGFGSHL,LILGFGASV,4
LIFGFGSHL,LILGFGSQV,3
LIFGFGSHL,LILGFGTAL,3
LIFGFGSHL,LILGMGSLV,4
LIFGFGSHL,LIVDFGSWM,4
LIFGFGSHL,LIVGFGFWM,4
LIFGFGSHL,LIYAIGSVL,4
LIFGFGSHL,LIYGFGSVM,3
LIFGFGSHL,LIYGIGSLL,3
LIFGFGSHL,LIYGLGSHM,3
LIFGFGSHL,LIYGVGSQM,4
LIFGFGSHL,LLGGFGLWL,4
LIFGFGSHL,LLLGFGMVL,4
LIFGFGSHL,LLLGFGSEV,4
LIFGFGSHL,LLLGFGTVL,4
LIFGFGSHL,LMGGFGLWL,4
LIFGFGSHL,NILGFGSLV,4
LIFGFGSHL,NLLGFGSGL,4
LIFGFGSHL,NMLGFGSGL,4
LIFGFGSHL,QILGFGCFL,4
LIFGFGSHL,QILGFGMLL,4
LIFGFGSHL,QILGFGSYM,4
LIFGFGSHL,RILGFGSLV,4
LIFGFGSHL,SILGFGSLM,4
LIFGFGSHL,SILGFGSLV,4
LIFGFGSHL,SILGFGSYL,3
LIFGFGSHL,SILGIGSPL,4
LIFGFGSHL,SIPGFGTHV,4
LIFGFGSHL,SLLGFGSHL,3
LIFGFGSHL,SLLGFGSSL,4
LIFGFGSHL,TILGFGSEV,4
LIFGFGSHL,TIYGFGSVL,3
LIFGFGSHL,TLFGFGSLV,4
LIFGFGSHL,VILGFGSAL,3
LIFGFGSHL,VILGFGSAP,4
LIFGFGSHL,VILGFGSLM,4
LIFGFGSHL,VILGFGSPL,3
LIFGFGSHL,VIVGFGMHL,3
LIFGFGSHL,VIVGFGSQV,4
LILAFGLQV,LILGFGASV,3
LILAFGLQV,LILGFGSQV,2
LILAFGLQV,LILGFGTAL,4
LILAFGLQV,LILGMGSLV,4
LILAFGLQV,LILWFGTSV,3
LILAFGLQV,LLGGFGLWV,4
LILAFGLQV,LLLAFGSLV,3
LILAFGLQV,LLLGFGSEV,4
LILAFGLQV,LLYGFGTQV,4
LILAFGLQV,MIIDLGLQV,4
LILAFGLQV,MILGFGLVV,3
LILAFGLQV,NIIAFGSCV,4
LILAFGLQV,NILGFGIPV,4
LILAFGLQV,NILGFGLCV,3
LILAFGLQV,NILGFGSLV,4
LILAFGLQV,PILDLGLAV,4
LILAFGLQV,PILDRGLYV,4
LILAFGLQV,RILGFGSLV,4
LILAFGLQV,RILGFGTDV,4
LILAFGLQV,SILDVGLYV,4
LILAFGLQV,SILGFGSLV,4
LILAFGLQV,SILGFGTSV,4
LILAFGLQV,TILGFGSEV,4
LILAFGLQV,VILAFGSSV,3
LILAFGLQV,VILAFGTHV,3
LILAFGLQV,VILDLGLCV,4
LILAFGLQV,VIVGFGSQV,4
LILGFGASV,LILGFGSQV,2
LILGFGASV,LILGFGTAL,3
LILGFGASV,LILGMGSLV,3
LILGFGASV,LILWFGTSV,2
LILGFGASV,LIVGFGFWM,4
LILGFGASV,LIYGFGSVM,4
LILGFGASV,LLGGFGLWV,4
LILGFGASV,LLGGFGVWV,4
LILGFGASV,LLLAFGSLV,4
LILGFGASV,LLLGFGMVL,4
LILGFGASV,LLLGFGSEV,3
LILGFGASV,LLLGFGTVL,4
LILGFGASV,LLYGFGTQV,4
LILGFGASV,MILGFGLVV,3
LILGFGASV,MLLGIGSSV,4
LILGFGASV,NILGFGIPV,3
LILGFGASV,NILGFGLCV,3
LILGFGASV,NILGFGSLV,3
LILGFGASV,NILGVGSSV,3
LILGFGASV,PLLGFGSCV,4
LILGFGASV,PLLGFGTPV,4
LILGFGASV,QILGFGCFL,4
LILGFGASV,QILGFGMLL,4
LILGFGASV,QILGFGSYM,4
LILGFGASV,RILGFGSLV,3
LILGFGASV,RILGFGTDV,3
LILGFGASV,RLLGFGSVV,4
LILGFGASV,SILGFGSLM,4
LILGFGASV,SILGFGSLV,3
LILGFGASV,SILGFGSYL,4
LILGFGASV,SILGFGTSV,2
LILGFGASV,SIPGFGTHV,4
LILGFGASV,SLLGFGSSL,4
LILGFGASV,TILGFGSEV,3
LILGFGASV,TLLGFGSCV,4
LILGFGASV,VILAFGSSV,3
LILGFGASV,VILAFGTHV,4
LILGFGASV,VILGFGSAL,4
LILGFGASV,VILGFGSAP,4
LILGFGASV,VILGFGSLM,4
LILGFGASV,VILGFGSPL,4
LILGFGASV,VIVGFGSQV,4
LILGFGSQV,LILGFGTAL,3
LILGFGSQV,LILGMGSLV,2
LILGFGSQV,LILWFGTSV,3
LILGFGSQV,LIVDFGSWM,4
LILGFGSQV,LIVGFGFWM,4
LILGFGSQV,LIYGFGSVM,3
LILGFGSQV,LIYGIGSLL,4
LILGFGSQV,LIYGLGSHM,4
LILGFGSQV,LIYGVGSQM,3
LILGFGSQV,LLGGFGLWV,4
LILGFGSQV,LLGGFGVWV,4
LILGFGSQV,LLLAFGSLV,3
LILGFGSQV,LLLGFGMVL,4
LILGFGSQV,LLLGFGSEV,2
LILGFGSQV,LLLGFGTVL,4
LILGFGSQV,LLYGFGTQV,3
LILGFGSQV,MILGFGLVV,3
LILGFGSQV,MLLGIGSSV,4
LILGFGSQV,NIIAFGSCV,4
LILGFGSQV,NILGFGIPV,3
LILGFGSQV,NILGFGLCV,3
LILGFGSQV,NILGFGSLV,2
LILGFGSQV,NILGVGSSV,3
LILGFGSQV,NIMDFGSVV,4
LILGFGSQV,NLLGFGSGL,4
LILGFGSQV,NLLGVGSFV,4
LILGFGSQV,NLVGFGSQV,3
LILGFGSQV,NMLGFGSGL,4
LILGFGSQV,PLLGFGSCV,3
LILGFGSQV,PLLGFGTPV,4
LILGFGSQV,QILGFGCFL,4
LILGFGSQV,QILGFGMLL,4
LILGFGSQV,QILGFGSYM,3
LILGFGSQV,RILGFGSLV,2
LILGFGSQV,RILGFGTDV,3
LILGFGSQV,RLLGFGSVV,3
LILGFGSQV,SILGFGSLM,3
LILGFGSQV,SILGFGSLV,2
LILGFGSQV,SILGFGSYL,3
LILGFGSQV,SILGFGTSV,3
LILGFGSQV,SILGIGSPL,4
LILGFGSQV,SIPGFGTHV,4
LILGFGSQV,SLLGFGSHL,4
LILGFGSQV,SLLGFGSSL,4
LILGFGSQV,SLYGFGSLV,4
LILGFGSQV,SLYGFGSVV,4
LILGFGSQV,TILGFGSEV,2
LILGFGSQV,TIYGFGSVL,4
LILGFGSQV,TLFGFGSLV,4
LILGFGSQV,TLLGFGSCV,3
LILGFGSQV,VILAFGSSV,3
LILGFGSQV,VILAFGTHV,4
LILGFGSQV,VILGFGSAL,3
LILGFGSQV,VILGFGSAP,3
LILGFGSQV,VILGFGSLM,3
LILGFGSQV,VILGFGSPL,3
LILGFGSQV,VIVGFGSQV,2
LILGFGSQV,VLLGYGSVV,4
LILGFGTAL,LILGMGSLV,4
LILGFGTAL,LILWFGTSV,3
LILGFGTAL,LIVGFGFWM,4
LILGFGTAL,LIYGFGSVM,4
LILGFGTAL,LIYGIGSLL,4
LILGFGTAL,LLGGFGLWL,4
LILGFGTAL,LLLGFGMVL,3
LILGFGTAL,LLLGFGSEV,4
LILGFGTAL,LLLGFGTVL,2
LILGFGTAL,LLVGFGTVM,4
LILGFGTAL,LLYGFGTQV,4
LILGFGTAL,LMGGFGLWL,4
LILGFGTAL,MILGFGLVV,4
LILGFGTAL,NILGFGIPV,4
LILGFGTAL,NILGFGLCV,4
LILGFGTAL,NILGFGSLV,4
LILGFGTAL,NLLGFGSGL,4
LILGFGTAL,NMLGFGSGL,4
LILGFGTAL,PLLGFGTPV,4
LILGFGTAL,QILGFGCFL,3
LILGFGTAL,QILGFGMLL,3
LILGFGTAL,QILGFGSYM,4
LILGFGTAL,RILGFGSLV,4
LILGFGTAL,RILGFGTDV,3
LILGFGTAL,SILGFGSLM,4
LILGFGTAL,SILGFGSLV,4
LILGFGTAL,SILGFGSYL,3
LILGFGTAL,SILGFGTSV,3
LILGFGTAL,SILGIGSPL,4
LILGFGTAL,SIPGFGTHV,4
LILGFGTAL,SLLGFGSHL,4
LILGFGTAL,SLLGFGSSL,4
LILGFGTAL,TILGFGSEV,4
LILGFGTAL,TIYGFGSVL,4
LILGFGTAL,TLVGFGTAV,4
LILGFGTAL,VILAFGTHV,4
LILGFGTAL,VILGFGSAL,2
LILGFGTAL,VILGFGSAP,3
LILGFGTAL,VILGFGSLM,4
LILGFGTAL,VILGFGSPL,3
LILGFGTAL,VIVGFGMHL,4
LILGMGSLV,LILWFGTSV,4
LILGMGSLV,LIYGFGSVM,4
LILGMGSLV,LIYGIGSLL,3
LILGMGSLV,LIYGLGSHM,4
LILGMGSLV,LIYGVGSQM,4
LILGMGSLV,LLLAFGSLV,3
LILGMGSLV,LLLGFGSEV,3
LILGMGSLV,LLWDVGSLV,4
LILGMGSLV,MILGFGLVV,4
LILGMGSLV,MLLGIGSSV,4
LILGMGSLV,NILGFGIPV,4
LILGMGSLV,NILGFGLCV,4
LILGMGSLV,NILGFGSLV,2
LILGMGSLV,NILGVGSSV,3
LILGMGSLV,NLLGVGSFV,4
LILGMGSLV,PLLDRGSLV,4
LILGMGSLV,PLLGFGSCV,4
LILGMGSLV,QILGFGMLL,4
LILGMGSLV,QILGFGSYM,4
LILGMGSLV,RILGFGSLV,2
LILGMGSLV,RILGFGTDV,4
LILGMGSLV,RLLGFGSVV,4
LILGMGSLV,SILGFGSLM,3
LILGMGSLV,SILGFGSLV,2
LILGMGSLV,SILGFGSYL,4
LILGMGSLV,SILGFGTSV,4
LILGMGSLV,SILGIGSPL,4
LILGMGSLV,SLYGFGSLV,4
LILGMGSLV,TILGFGSEV,3
LILGMGSLV,TLFGFGSLV,4
LILGMGSLV,TLLGFGSCV,4
LILGMGSLV,VILAFGSSV,4
LILGMGSLV,VILGFGSAL,4
LILGMGSLV,VILGFGSAP,4
LILGMGSLV,VILGFGSLM,3
LILGMGSLV,VILGFGSPL,4
LILGMGSLV,VIVGFGSQV,4
LILGMGSLV,VLLGYGSVV,4
LILWFGTSV,LLLAFGSLV,4
LILWFGTSV,LLLGFGSEV,4
LILWFGTSV,LLLGFGTVL,4
LILWFGTSV,LLYGFGTQV,4
LILWFGTSV,MILGFGLVV,4
LILWFGTSV,NILGFGIPV,4
LILWFGTSV,NILGFGLCV,4
LILWFGTSV,NILGFGSLV,4
LILWFGTSV,NILGVGSSV,4
LILWFGTSV,PLLGFGTPV,4
LILWFGTSV,RILGFGSLV,4
LILWFGTSV,RILGFGTDV,3
LILWFGTSV,SILGFGSLV,4
LILWFGTSV,SILGFGTSV,2
LILWFGTSV,SIPGFGTHV,4
LILWFGTSV,TILGFGSEV,4
LILWFGTSV,VILAFGSSV,3
LILWFGTSV,VILAFGTHV,3
LIVDFGSWM,LIVDLGGWV,3
LIVDFGSWM,LIVGFGFWM,2
LIVDFGSWM,LIYGFGSVM,3
LIVDFGSWM,LIYGLGSHM,4
LIVDFGSWM,LIYGVGSQM,4
LIVDFGSWM,LLVDLGSWL,3
LIVDFGSWM,LLVDMGSWM,2
LIVDFGSWM,LLVGFGTVM,4
LIVDFGSWM,MIVLWGSWV,4
LIVDFGSWM,NIMDFGSVV,4
LIVDFGSWM,NIVDFGCVV,4
LIVDFGSWM,NIVDVGSWV,3
LIVDFGSWM,PLVDLGSFM,4
LIVDFGSWM,QILGFGSYM,4
LIVDFGSWM,QLVDMGFWM,4
LIVDFGSWM,SILGFGSLM,4
LIVDFGSWM,SIVDLGIPM,4
LIVDFGSWM,SIVDTGSFV,4
LIVDFGSWM,TIVGFGLWM,3
LIVDFGSWM,VILGFGSLM,4
LIVDFGSWM,VIVGFGSQV,4
LIVDLGGWV,LIVGFGFWM,4
LIVDLGGWV,LLIDVGGWV,3
LIVDLGGWV,LLVDLGSWL,3
LIVDLGGWV,LLVDMGSWM,4
LIVDLGGWV,MIIDLGLQV,4
LIVDLGGWV,MIVDRGLYV,4
LIVDLGGWV,MIVLWGSWV,4
LIVDLGGWV,NISDLGLPV,4
LIVDLGGWV,NIVDFGCVV,4
LIVDLGGWV,NIVDVGSWV,3
LIVDLGGWV,PILDLGLAV,4
LIVDLGGWV,PIVDLGTLL,4
LIVDLGGWV,PLVDLGSHV,4
LIVDLGGWV,SIVDIGLLV,4
LIVDLGGWV,SIVDLGIPM,4
LIVDLGGWV,SIVDLGMPV,3
LIVDLGGWV,SIVDMGTYV,4
LIVDLGGWV,SIVDTGSFV,4
LIVDLGGWV,TLVDLGSVV,4
LIVDLGGWV,VILDLGLCV,4
LIVDLGGWV,VIYDLGSFV,4
LIVDLGGWV,VLLDIGGWV,4
LIVGFGFWM,LIYGFGSVM,3
LIVGFGFWM,LIYGIGIGM,4
LIVGFGFWM,LIYGLGSHM,4
LIVGFGFWM,LIYGVGSQM,4
LIVGFGFWM,LLGGFGLWL,4
LIVGFGFWM,LLGGFGLWV,4
LIVGFGFWM,LLGGFGVWV,4
LIVGFGFWM,LLVDMGSWM,4
LIVGFGFWM,LLVGFGTVM,3
LIVGFGFWM,LMGGFGLWL,4
LIVGFGFWM,LMGGWGIWM,4
LIVGFGFWM,LMGGYGIWM,4
LIVGFGFWM,QILGFGSYM,4
LIVGFGFWM,QLVDMGFWM,4
LIVGFGFWM,SILGFGSLM,4
LIVGFGFWM,TIVGFGLWM,2
LIVGFGFWM,VILGFGSLM,4
LIVGFGFWM,VIVGFGMHL,4
LIVGFGFWM,VIVGFGSQV,4
LIVGFGFWM,VLYGTGFWM,4
LIWDRGLVL,LIYAIGSVL,4
LIWDRGLVL,LLFDRGLRM,4
LIWDRGLVL,LLWDYGIWL,4
LIWDRGLVL,LMFDRGLRL,3
LIWDRGLVL,LMWDLGLAL,3
LIWDRGLVL,LMWDRGCHL,3
LIWDRGLVL,LMWDRGLHL,2
LIWDRGLVL,LMWDRGVCL,3
LIWDRGLVL,LMWDRGVSV,4
LIWDRGLVL,LMWDVGLAM,4
LIWDRGLVL,MIFDRGCFL,4
LIWDRGLVL,MIVDRGLYV,4
LIWDRGLVL,MLWDRGLSL,3
LIWDRGLVL,MMWDRGLDM,4
LIWDRGLVL,NIPDLGLFL,4
LIWDRGLVL,NLWDRGLDV,4
LIWDRGLVL,PILDRGLYM,4
LIWDRGLVL,PILDRGLYV,4
LIWDRGLVL,QLWDRGVVV,4
LIWDRGLVL,SLWDRGVFL,4
LIWDRGLVL,TILDRGMHL,4
LIWDRGLVL,VLWDRGTYL,4
LIWDRGLVL,VLWDRGVYL,4
LIYAIGSVL,LIYGFGSVM,3
LIYAIGSVL,LIYGIGIGM,4
LIYAIGSVL,LIYGIGSLL,2
LIYAIGSVL,LIYGLGSHM,4
LIYAIGSVL,LIYGVGSQM,4
LIYAIGSVL,SILGIGSPL,4
LIYAIGSVL,TIYGFGSVL,3
LIYGFGSVM,LIYGIGIGM,3
LIYGFGSVM,LIYGIGSLL,3
LIYGFGSVM,LIYGLGSHM,2
LIYGFGSVM,LIYGVGSQM,2
LIYGFGSVM,LLLGFGMVL,4
LIYGFGSVM,LLLGFGSEV,4
LIYGFGSVM,LLLGFGTVL,4
LIYGFGSVM,LLVGFGTVM,3
LIYGFGSVM,LLYGFGTQV,4
LIYGFGSVM,MILGFGLVV,4
LIYGFGSVM,NILGFGSLV,4
LIYGFGSVM,NIMDFGSVV,4
LIYGFGSVM,QILGFGSYM,3
LIYGFGSVM,RILGFGSLV,4
LIYGFGSVM,RLLGFGSVV,4
LIYGFGSVM,SILGFGSLM,3
LIYGFGSVM,SILGFGSLV,4
LIYGFGSVM,SILGFGSYL,4
LIYGFGSVM,SLYGFGSLV,4
LIYGFGSVM,SLYGFGSVV,3
LIYGFGSVM,TILGFGSEV,4
LIYGFGSVM,TIVGFGLWM,4
LIYGFGSVM,TIYGFGSVL,2
LIYGFGSVM,VILGFGSAL,4
LIYGFGSVM,VILGFGSAP,4
LIYGFGSVM,VILGFGSLM,3
LIYGFGSVM,VILGFGSPL,4
LIYGFGSVM,VIVGFGSQV,4
LIYGIGIGM,LIYGIGSLL,3
LIYGIGIGM,LIYGLGSHM,3
LIYGIGIGM,LIYGVGSQM,3
LIYGIGIGM,LMGGWGIWM,4
LIYGIGIGM,LMGGYGIWM,4
LIYGIGSLL,LIYGLGSHM,3
LIYGIGSLL,LIYGVGSQM,3
LIYGIGSLL,NILGFGSLV,4
LIYGIGSLL,QILGFGMLL,4
LIYGIGSLL,RILGFGSLV,4
LIYGIGSLL,SILGFGSLM,4
LIYGIGSLL,SILGFGSLV,4
LIYGIGSLL,SILGFGSYL,4
LIYGIGSLL,SILGIGSPL,3
LIYGIGSLL,SLYGFGSLV,4
LIYGIGSLL,TIYGFGSVL,3
LIYGIGSLL,VILGFGSAL,4
LIYGIGSLL,VILGFGSLM,4
LIYGIGSLL,VILGFGSPL,4
LIYGLGSHM,LIYGVGSQM,2
LIYGLGSHM,QILGFGSYM,4
LIYGLGSHM,SILGFGSLM,4
LIYGLGSHM,TIYGFGSVL,4
LIYGLGSHM,VILGFGSLM,4
LIYGLGSHM,VIYDLGSFV,4
LIYGVGSQM,LLYGFGTQV,4
LIYGVGSQM,NILGVGSSV,4
LIYGVGSQM,QILGFGSYM,4
LIYGVGSQM,SILGFGSLM,4
LIYGVGSQM,TIYGFGSVL,4
LIYGVGSQM,VILGFGSLM,4
LIYGVGSQM,VIVGFGSQV,4
LLCGWGRGL,LLGGCGLWL,4
LLCGWGRGL,LLGGFGLWL,4
LLCGWGRGL,LLLGFGMVL,4
LLCGWGRGL,LLLGFGTVL,4
LLCGWGRGL,NLLGFGSGL,4
LLCGWGRGL,PLCGWSRSL,3
LLCGWGRGL,RLCGWGRPM,3
LLCGWGRGL,SICGWGRPL,3
LLEDRGSFV,LLFDRGLRM,4
LLEDRGSFV,LLIDVGGWV,4
LLEDRGSFV,LLLAFGSLV,4
LLEDRGSFV,LLLGFGSEV,4
LLEDRGSFV,LLVDLGSWL,4
LLEDRGSFV,LLVDMGSWM,4
LLEDRGSFV,LLWDVGSLV,3
LLEDRGSFV,LMWDRGVSV,4
LLEDRGSFV,NLIDLGSFL,4
LLEDRGSFV,NLLGVGSFV,4
LLEDRGSFV,NLWDRGLDV,4
LLEDRGSFV,PLLDRGSLV,3
LLEDRGSFV,PLQDLGLFV,4
LLEDRGSFV,PLVDLGSFL,4
LLEDRGSFV,PLVDLGSFM,4
LLEDRGSFV,PLVDLGSHV,4
LLEDRGSFV,QLFDRGVHV,4
LLEDRGSFV,QLFDRGVYV,4
LLEDRGSFV,QLWDRGSAV,3
LLEDRGSFV,QLWDRGVVV,4
LLEDRGSFV,SIVDTGSFV,4
LLEDRGSFV,SLEDRGGFV,2
LLEDRGSFV,SLWDRGVFL,4
LLEDRGSFV,TLLDRGTRV,4
LLEDRGSFV,TLQDLGLFV,4
LLEDRGSFV,TLVDLGSVV,4
LLEDRGSFV,VIYDLGSFV,4
LLEDRGSFV,VLHDMGSHV,4
LLEDRGSFV,VLLDIGSWV,4
LLFDMGLSM,LLFDRGLRM,2
LLFDMGLSM,LLVDMGSWM,3
LLFDMGLSM,LLWDCGCAM,4
LLFDMGLSM,LMFDRGIAM,4
LLFDMGLSM,LMFDRGLRL,4
LLFDMGLSM,LMWDVGLAM,4
LLFDMGLSM,MLWDRGLSL,4
LLFDMGLSM,QLVDMGFWM,4
LLFDRGLRM,LLVDMGSWM,4
LLFDRGLRM,LLWDCGCAM,4
LLFDRGLRM,LMFDRGIAM,3
LLFDRGLRM,LMFDRGLRL,2
LLFDRGLRM,LMWDRGLHL,4
LLFDRGLRM,LMWDVGLAM,4
LLFDRGLRM,MLWDRGLSL,4
LLFDRGLRM,MMWDRGLDM,4
LLFDRGLRM,NLWDRGLDV,4
LLFDRGLRM,PILDRGLYM,4
LLFDRGLRM,QLFDRGVHV,4
LLFDRGLRM,QLFDRGVYV,4
LLFDRGLRM,TLLDRGTRV,4
LLGGCGLWL,LLGGFGLWL,1
LLGGCGLWL,LLGGFGLWV,2
LLGGCGLWL,LLGGFGVWV,3
LLGGCGLWL,LLLGFGMVL,4
LLGGCGLWL,LLLGFGTVL,4
LLGGCGLWL,LLVDLGSWL,4
LLGGCGLWL,LLWDYGIWL,4
LLGGCGLWL,LMGGFGLWL,2
LLGGCGLWL,LMGGWGIWM,4
LLGGCGLWL,LMGGYGIWM,4
LLGGFGLWL,LLGGFGLWV,1
LLGGFGLWL,LLGGFGVWV,2
LLGGFGLWL,LLLGFGMVL,3
LLGGFGLWL,LLLGFGSEV,4
LLGGFGLWL,LLLGFGTVL,3
LLGGFGLWL,LLVDLGSWL,4
LLGGFGLWL,LLVGFGTVM,4
LLGGFGLWL,LLWDYGIWL,4
LLGGFGLWL,LLYGFGTQV,4
LLGGFGLWL,LMGGFGLWL,1
LLGGFGLWL,LMGGWGIWM,4
LLGGFGLWL,LMGGYGIWM,4
LLGGFGLWL,NLLGFGSGL,4
LLGGFGLWL,SLLGFGSHL,4
LLGGFGLWL,SLLGFGSSL,4
LLGGFGLWL,TIVGFGLWM,4
LLGGFGLWV,LLGGFGVWV,1
LLGGFGLWV,LLIDVGGWV,4
LLGGFGLWV,LLLAFGSLV,4
LLGGFGLWV,LLLGFGMVL,4
LLGGFGLWV,LLLGFGSEV,3
LLGGFGLWV,LLLGFGTVL,4
LLGGFGLWV,LLVGFGTVM,4
LLGGFGLWV,LLYGFGTQV,3
LLGGFGLWV,LMGGFGLWL,2
LLGGFGLWV,LMGGWGIWM,4
LLGGFGLWV,LMGGYGIWM,4
LLGGFGLWV,MILGFGLVV,4
LLGGFGLWV,NILGFGLCV,4
LLGGFGLWV,NLVGFGSQV,4
LLGGFGLWV,PLLGFGSCV,4
LLGGFGLWV,PLLGFGTPV,4
LLGGFGLWV,RLLGFGSVV,4
LLGGFGLWV,SLYGFGSLV,4
LLGGFGLWV,SLYGFGSVV,4
LLGGFGLWV,TIVGFGLWM,4
LLGGFGLWV,TLFGFGSLV,4
LLGGFGLWV,TLLGFGSCV,4
LLGGFGLWV,TLVGFGTAV,4
LLGGFGVWV,LLIDVGGWV,4
LLGGFGVWV,LLLAFGSLV,4
LLGGFGVWV,LLLGFGMVL,4
LLGGFGVWV,LLLGFGSEV,3
LLGGFGVWV,LLLGFGTVL,4
LLGGFGVWV,LLVGFGTVM,4
LLGGFGVWV,LLYGFGTQV,3
LLGGFGVWV,LMGGFGLWL,3
LLGGFGVWV,LMGGWGIWM,4
LLGGFGVWV,LMGGYGIWM,4
LLGGFGVWV,NLVGFGSQV,4
LLGGFGVWV,PLLGFGSCV,4
LLGGFGVWV,PLLGFGTPV,4
LLGGFGVWV,RLLGFGSVV,4
LLGGFGVWV,SLYGFGSLV,4
LLGGFGVWV,SLYGFGSVV,4
LLGGFGVWV,TLFGFGSLV,4
LLGGFGVWV,TLLGFGSCV,4
LLGGFGVWV,TLVGFGTAV,4
LLIDVGGWV,LLVDLGSWL,4
LLIDVGGWV,LLVDMGSWM,4
LLIDVGGWV,LLWDVGSLV,3
LLIDVGGWV,LLWDYGIWL,4
LLIDVGGWV,NIVDVGSWV,4
LLIDVGGWV,QLYDVGLYV,4
LLIDVGGWV,SLEDRGGFV,4
LLIDVGGWV,VLLDIGGWV,3
LLIDVGGWV,VLLDIGSWV,4
LLLAFGSLV,LLLGFGMVL,4
LLLAFGSLV,LLLGFGSEV,2
LLLAFGSLV,LLLGFGTVL,4
LLLAFGSLV,LLWDVGSLV,3
LLLAFGSLV,LLYGFGTQV,4
LLLAFGSLV,MLLGIGSSV,4
LLLAFGSLV,NIIAFGSCV,4
LLLAFGSLV,NILGFGSLV,3
LLLAFGSLV,NLLGFGSGL,4
LLLAFGSLV,NLLGVGSFV,4
LLLAFGSLV,NLVGFGSQV,4
LLLAFGSLV,PLLDRGSLV,3
LLLAFGSLV,PLLGFGSCV,3
LLLAFGSLV,PLLGFGTPV,4
LLLAFGSLV,RILGFGSLV,3
LLLAFGSLV,RLLGFGSVV,3
LLLAFGSLV,SILGFGSLM,4
LLLAFGSLV,SILGFGSLV,3
LLLAFGSLV,SLLGFGSHL,4
LLLAFGSLV,SLLGFGSSL,4
LLLAFGSLV,SLYGFGSLV,3
LLLAFGSLV,SLYGFGSVV,4
LLLAFGSLV,TILGFGSEV,4
LLLAFGSLV,TLFGFGSLV,3
LLLAFGSLV,TLLGFGSCV,3
LLLAFGSLV,VILAFGSSV,3
LLLAFGSLV,VILAFGTHV,4
LLLAFGSLV,VILGFGSLM,4
LLLAFGSLV,VLLDIGSWV,4
LLLAFGSLV,VLLGYGSVV,4
LLLGFGMVL,LLLGFGSEV,3
LLLGFGMVL,LLLGFGTVL,1
LLLGFGMVL,LLVGFGTVM,3
LLLGFGMVL,LLYGFGTQV,4
LLLGFGMVL,LMGGFGLWL,4
LLLGFGMVL,MILGFGLVV,4
LLLGFGMVL,NLLGFGSGL,3
LLLGFGMVL,NMLGFGSGL,4
LLLGFGMVL,PLLGFGSCV,4
LLLGFGMVL,PLLGFGTPV,4
LLLGFGMVL,QILGFGCFL,4
LLLGFGMVL,QILGFGMLL,3
LLLGFGMVL,RLLGFGSVV,3
LLLGFGMVL,SILGFGSYL,4
LLLGFGMVL,SLLGFGSHL,3
LLLGFGMVL,SLLGFGSSL,3
LLLGFGMVL,SLYGFGSVV,4
LLLGFGMVL,TIYGFGSVL,4
LLLGFGMVL,TLLGFGSCV,4
LLLGFGMVL,VILGFGSAL,4
LLLGFGMVL,VILGFGSPL,4
LLLGFGMVL,VIVGFGMHL,4
LLLGFGMVL,VLLGYGSVV,4
LLLGFGSEV,LLLGFGTVL,3
LLLGFGSEV,LLVGFGTVM,4
LLLGFGSEV,LLWDVGSLV,4
LLLGFGSEV,LLYGFGTQV,3
LLLGFGSEV,MILGFGLVV,4
LLLGFGSEV,MLLGIGSSV,3
LLLGFGSEV,NILGFGIPV,4
LLLGFGSEV,NILGFGLCV,4
LLLGFGSEV,NILGFGSLV,3
LLLGFGSEV,NILGVGSSV,4
LLLGFGSEV,NLLGFGSGL,3
LLLGFGSEV,NLLGVGSFV,3
LLLGFGSEV,NLVGFGSQV,3
LLLGFGSEV,NMLGFGSGL,4
LLLGFGSEV,PLLDRGSLV,4
LLLGFGSEV,PLLGFGSCV,2
LLLGFGSEV,PLLGFGTPV,3
LLLGFGSEV,QILGFGSYM,4
LLLGFGSEV,RILGFGSLV,3
LLLGFGSEV,RILGFGTDV,4
LLLGFGSEV,RLLGFGSVV,2
LLLGFGSEV,SILGFGSLM,4
LLLGFGSEV,SILGFGSLV,3
LLLGFGSEV,SILGFGSYL,4
LLLGFGSEV,SILGFGTSV,4
LLLGFGSEV,SLLGFGSHL,3
LLLGFGSEV,SLLGFGSSL,3
LLLGFGSEV,SLYGFGSLV,3
LLLGFGSEV,SLYGFGSVV,3
LLLGFGSEV,TILGFGSEV,2
LLLGFGSEV,TLFGFGSLV,3
LLLGFGSEV,TLLGFGSCV,2
LLLGFGSEV,TLVGFGTAV,4
LLLGFGSEV,VILAFGSSV,4
LLLGFGSEV,VILGFGSAL,4
LLLGFGSEV,VILGFGSAP,4
LLLGFGSEV,VILGFGSLM,4
LLLGFGSEV,VILGFGSPL,4
LLLGFGSEV,VIVGFGSQV,4
LLLGFGSEV,VLLDIGSWV,4
LLLGFGSEV,VLLGYGSVV,3
LLLGFGTVL,LLVGFGTVM,2
LLLGFGTVL,LLYGFGTQV,3
LLLGFGTVL,LMGGFGLWL,4
LLLGFGTVL,MILGFGLVV,4
LLLGFGTVL,NLLDLGTYL,4
LLLGFGTVL,NLLGFGSGL,3
LLLGFGTVL,NMLGFGSGL,4
LLLGFGTVL,PLLGFGSCV,4
LLLGFGTVL,PLLGFGTPV,3
LLLGFGTVL,QILGFGCFL,4
LLLGFGTVL,QILGFGMLL,4
LLLGFGTVL,RILGFGTDV,4
LLLGFGTVL,RLLGFGSVV,3
LLLGFGTVL,SILGFGSYL,4
LLLGFGTVL,SILGFGTSV,4
LLLGFGTVL,SLLGFGSHL,3
LLLGFGTVL,SLLGFGSSL,3
LLLGFGTVL,SLYGFGSVV,4
LLLGFGTVL,TIYGFGSVL,4
LLLGFGTVL,TLLGFGSCV,4
LLLGFGTVL,TLVGFGTAV,4
LLLGFGTVL,VILGFGSAL,4
LLLGFGTVL,VILGFGSPL,4
LLLGFGTVL,VLLGYGSVV,4
LLVDLGSWL,LLVDMGSWM,2
LLVDLGSWL,LLWDVGSLV,4
LLVDLGSWL,LLWDYGIWL,3
LLVDLGSWL,LMWDLGLAL,4
LLVDLGSWL,MMIDLGSWL,3
LLVDLGSWL,NIVDVGSWV,4
LLVDLGSWL,NLIDLGSFL,3
LLVDLGSWL,NLLDLGTYL,4
LLVDLGSWL,PIVDLGTLL,4
LLVDLGSWL,PLLDLGLYL,4
LLVDLGSWL,PLVDLGSCL,2
LLVDLGSWL,PLVDLGSFL,2
LLVDLGSWL,PLVDLGSFM,3
LLVDLGSWL,PLVDLGSHV,3
LLVDLGSWL,QLVDMGFWM,4
LLVDLGSWL,SLVDLGTFL,3
LLVDLGSWL,TLVDLGMPM,4
LLVDLGSWL,TLVDLGSVV,3
LLVDLGSWL,VLLDIGSWV,4
LLVDMGSWM,LLVGFGTVM,4
LLVDMGSWM,LLWDCGCAM,4
LLVDMGSWM,LLWDVGSLV,4
LLVDMGSWM,LLWDYGIWL,4
LLVDMGSWM,NIVDVGSWV,4
LLVDMGSWM,PLVDLGSCL,4
LLVDMGSWM,PLVDLGSFL,4
LLVDMGSWM,PLVDLGSFM,3
LLVDMGSWM,PLVDLGSHV,4
LLVDMGSWM,QLVDMGFWM,2
LLVDMGSWM,QLVDMGTRV,4
LLVDMGSWM,TLVDLGMPM,4
LLVDMGSWM,TLVDLGSVV,4
LLVDMGSWM,TLWDWGTWM,4
LLVDMGSWM,TMIDMGSFM,4
LLVDMGSWM,VLHDMGSHV,4
LLVDMGSWM,VLLDIGSWV,4
LLVGFGTVM,LLYGFGTQV,3
LLVGFGTVM,NLVGFGSQV,4
LLVGFGTVM,PLLGFGTPV,4
LLVGFGTVM,RLLGFGSVV,4
LLVGFGTVM,SLYGFGSVV,4
LLVGFGTVM,TIVGFGLWM,4
LLVGFGTVM,TLVGFGTAV,3
LLWDCGCAM,LLWDVGSLV,4
LLWDCGCAM,LLWDYGIWL,4
LLWDCGCAM,LMFDRGIAM,4
LLWDCGCAM,LMWDLGLAL,4
LLWDCGCAM,LMWDRGCHL,4
LLWDCGCAM,LMWDVGLAM,3
LLWDCGCAM,QLWDRGSAV,4
LLWDCGCAM,TLWDWGTWM,4
LLWDVGSLV,LLWDYGIWL,4
LLWDVGSLV,LMWDRGVSV,4
LLWDVGSLV,LMWDVGLAM,4
LLWDVGSLV,NIVDVGSWV,4
LLWDVGSLV,NLLGVGSFV,4
LLWDVGSLV,NLWDRGLDV,4
LLWDVGSLV,PLLDRGSLV,3
LLWDVGSLV,PLVDLGSHV,4
LLWDVGSLV,QLWDRGSAV,3
LLWDVGSLV,QLWDRGVVV,4
LLWDVGSLV,QLYDVGLYV,4
LLWDVGSLV,SLWDVGTLL,3
LLWDVGSLV,SLYGFGSLV,4
LLWDVGSLV,TLFGFGSLV,4
LLWDVGSLV,TLVDLGSVV,4
LLWDVGSLV,VLHDMGSHV,4
LLWDVGSLV,VLLDIGSWV,4
LLWDYGIWL,LMGGYGIWM,4
LLWDYGIWL,LMWDLGLAL,4
LLWDYGIWL,LMWDRGCHL,4
LLWDYGIWL,LMWDRGLHL,4
LLWDYGIWL,LMWDRGVCL,4
LLWDYGIWL,MLRDYCCWL,4
LLWDYGIWL,MLWDRGLSL,4
LLWDYGIWL,MMWDYGCEL,4
LLWDYGIWL,MMWDYGVGL,4
LLWDYGIWL,SLWDRGVFL,4
LLWDYGIWL,SLWDVGTLL,4
LLWDYGIWL,TLWDWGTWM,4
LLWDYGIWL,VLWDRGTYL,4
LLWDYGIWL,VLWDRGVYL,4
LLYGFGTQV,NLVGFGSQV,3
LLYGFGTQV,PLLGFGSCV,4
LLYGFGTQV,PLLGFGTPV,3
LLYGFGTQV,RILGFGTDV,4
LLYGFGTQV,RLLGFGSVV,4
LLYGFGTQV,SILGFGTSV,4
LLYGFGTQV,SIPGFGTHV,4
LLYGFGTQV,SLYGFGSLV,3
LLYGFGTQV,SLYGFGSVV,3
LLYGFGTQV,TLFGFGSLV,4
LLYGFGTQV,TLLGFGSCV,4
LLYGFGTQV,TLVGFGTAV,3
LLYGFGTQV,VIVGFGSQV,4
LMFDRGIAM,LMFDRGLRL,3
LMFDRGIAM,LMGGWGIWM,4
LMFDRGIAM,LMGGYGIWM,4
LMFDRGIAM,LMWDLGLAL,4
LMFDRGIAM,LMWDRGCHL,4
LMFDRGIAM,LMWDRGLHL,4
LMFDRGIAM,LMWDRGVCL,4
LMFDRGIAM,LMWDRGVSV,4
LMFDRGIAM,LMWDVGLAM,3
LMFDRGIAM,MMWDRGLDM,4
LMFDRGIAM,VMWDRGTYM,4
LMFDRGLRL,LMGGFGLWL,4
LMFDRGLRL,LMWDLGLAL,3
LMFDRGLRL,LMWDRGCHL,3
LMFDRGLRL,LMWDRGLHL,2
LMFDRGLRL,LMWDRGVCL,3
LMFDRGLRL,LMWDRGVSV,4
LMFDRGLRL,LMWDVGLAM,4
LMFDRGLRL,MIFDRGCFL,4
LMFDRGLRL,MLWDRGLSL,4
LMFDRGLRL,MMWDRGLDM,4
LMGGFGLWL,LMGGWGIWM,3
LMGGFGLWL,LMGGYGIWM,3
LMGGFGLWL,LMWDLGLAL,4
LMGGFGLWL,LMWDRGLHL,4
LMGGFGLWL,NMLGFGSGL,4
LMGGFGLWL,TIVGFGLWM,4
LMGGWGIWM,LMGGYGIWM,1
LMWDLGLAL,LMWDRGCHL,3
LMWDLGLAL,LMWDRGLHL,2
LMWDLGLAL,LMWDRGVCL,3
LMWDLGLAL,LMWDRGVSV,4
LMWDLGLAL,LMWDVGLAM,2
LMWDLGLAL,MLWDRGLSL,4
LMWDLGLAL,MMIDLGSWL,4
LMWDLGLAL,MMWDRGLDM,4
LMWDLGLAL,MMWDYGCEL,4
LMWDLGLAL,MMWDYGVGL,4
LMWDLGLAL,NIPDLGLFL,4
LMWDLGLAL,NLQDLGLAV,4
LMWDLGLAL,PILDLGLAV,4
LMWDLGLAL,PLLDLGLYL,4
LMWDLGLAL,SMPDLGLLV,4
LMWDRGCHL,LMWDRGLHL,1
LMWDRGCHL,LMWDRGVCL,2
LMWDRGCHL,LMWDRGVSV,3
LMWDRGCHL,LMWDVGLAM,4
LMWDRGCHL,MIFDRGCFL,4
LMWDRGCHL,MLWDRGLSL,4
LMWDRGCHL,MMWDRGLDM,4
LMWDRGCHL,MMWDYGCEL,3
LMWDRGCHL,MMWDYGVGL,4
LMWDRGCHL,SLWDRGVFL,4
LMWDRGCHL,TILDRGMHL,4
LMWDRGCHL,VLWDRGTYL,4
LMWDRGCHL,VLWDRGVYL,4
LMWDRGCHL,VMWDRGTYM,4
LMWDRGLHL,LMWDRGVCL,2
LMWDRGLHL,LMWDRGVSV,3
LMWDRGLHL,LMWDVGLAM,3
LMWDRGLHL,MLWDRGLSL,3
LMWDRGLHL,MMWDRGLDM,3
LMWDRGLHL,MMWDYGCEL,4
LMWDRGLHL,MMWDYGVGL,4
LMWDRGLHL,NLWDRGLDV,4
LMWDRGLHL,SLWDRGVFL,4
LMWDRGLHL,TILDRGMHL,4
LMWDRGLHL,VLWDRGTYL,4
LMWDRGLHL,VLWDRGVYL,4
LMWDRGLHL,VMWDRGTYM,4
LMWDRGVCL,LMWDRGVSV,2
LMWDRGVCL,LMWDVGLAM,4
LMWDRGVCL,MLWDRGLSL,4
LMWDRGVCL,MMWDRGLDM,4
LMWDRGVCL,MMWDYGCEL,4
LMWDRGVCL,MMWDYGVGL,3
LMWDRGVCL,QLWDRGVVV,4
LMWDRGVCL,SLWDRGVFL,3
LMWDRGVCL,VLWDRGTYL,4
LMWDRGVCL,VLWDRGVYL,3
LMWDRGVCL,VMWDRGTYM,4
LMWDRGVSV,LMWDVGLAM,4
LMWDRGVSV,MLWDRGLSL,4
LMWDRGVSV,MMWDRGLDM,4
LMWDRGVSV,MMWDYGVGL,4
LMWDRGVSV,NLWDRGLDV,4
LMWDRGVSV,QLFDRGVHV,4
LMWDRGVSV,QLFDRGVYV,4
LMWDRGVSV,QLWDRGSAV,4
LMWDRGVSV,QLWDRGVVV,3
LMWDRGVSV,SLWDRGVFL,4
LMWDRGVSV,VLWDRGVYL,4
LMWDRGVSV,VMWDRGTYM,4
LMWDVGLAM,MMWDRGLDM,3
LMWDVGLAM,VMWDRGTYM,4
MIFDRGCFL,MIVDRGLYV,4
MIFDRGCFL,MLWDRGLSL,4
MIFDRGCFL,MMWDYGCEL,4
MIFDRGCFL,NIPDLGLFL,4
MIFDRGCFL,QILGFGCFL,4
MIFDRGCFL,SLWDRGVFL,4
MIFDRGCFL,TILDRGMHL,4
MIIDLGLQV,MILGFGLVV,4
MIIDLGLQV,MIVDRGLYV,3
MIIDLGLQV,MMIDLGSWL,4
MIIDLGLQV,NIPDLGLFL,4
MIIDLGLQV,NISDLGLPV,3
MIIDLGLQV,NLQDLGLAV,4
MIIDLGLQV,PILDLGLAV,3
MIIDLGLQV,PILDRGLYV,4
MIIDLGLQV,PLQDLGLFV,4
MIIDLGLQV,SILDVGLYV,4
MIIDLGLQV,SIVDIGLLV,4
MIIDLGLQV,SIVDLGMPV,4
MIIDLGLQV,SMPDLGLLV,4
MIIDLGLQV,TLQDLGLFV,4
MIIDLGLQV,VILDLGLCV,3
MIIDLGLQV,VIMDIGLFV,4
MIIDLGLQV,VIYDLGSFV,4
MILGFGLVV,MIVDRGLYV,4
MILGFGLVV,MLLGIGSSV,4
MILGFGLVV,NILGFGIPV,3
MILGFGLVV,NILGFGLCV,2
MILGFGLVV,NILGFGSLV,3
MILGFGLVV,NILGVGSSV,4
MILGFGLVV,NIMDFGSVV,4
MILGFGLVV,NIVDFGCVV,4
MILGFGLVV,PILDLGLAV,4
MILGFGLVV,PILDRGLYV,4
MILGFGLVV,PLLGFGSCV,4
MILGFGLVV,PLLGFGTPV,4
MILGFGLVV,QILGFGCFL,4
MILGFGLVV,QILGFGMLL,4
MILGFGLVV,QILGFGSYM,4
MILGFGLVV,RILGFGSLV,3
MILGFGLVV,RILGFGTDV,3
MILGFGLVV,RLLGFGSVV,3
MILGFGLVV,SILDVGLYV,4
MILGFGLVV,SILGFGSLM,4
MILGFGLVV,SILGFGSLV,3
MILGFGLVV,SILGFGSYL,4
MILGFGLVV,SILGFGTSV,3
MILGFGLVV,SIPGFGTHV,4
MILGFGLVV,SLYGFGSVV,4
MILGFGLVV,TILGFGSEV,3
MILGFGLVV,TIVGFGLWM,4
MILGFGLVV,TIYGFGSVL,4
MILGFGLVV,TLLGFGSCV,4
MILGFGLVV,VILAFGSSV,4
MILGFGLVV,VILAFGTHV,4
MILGFGLVV,VILDLGLCV,4
MILGFGLVV,VILGFGSAL,4
MILGFGLVV,VILGFGSAP,4
MILGFGLVV,VILGFGSLM,4
MILGFGLVV,VILGFGSPL,4
MILGFGLVV,VIVGFGSQV,4
MILGFGLVV,VLLGYGSVV,4
MIVDRGLYV,MIVLWGSWV,4
MIVDRGLYV,MLWDRGLSL,4
MIVDRGLYV,MMWDRGLDM,4
MIVDRGLYV,NISDLGLPV,4
MIVDRGLYV,NIVDFGCVV,4
MIVDRGLYV,NIVDVGSWV,4
MIVDRGLYV,NLWDRGLDV,4
MIVDRGLYV,PILDLGLAV,4
MIVDRGLYV,PILDRGLYM,3
MIVDRGLYV,PILDRGLYV,2
MIVDRGLYV,QLFDRGVYV,4
MIVDRGLYV,QLYDVGLYV,4
MIVDRGLYV,SILDVGLYV,3
MIVDRGLYV,SIVDIGLLV,3
MIVDRGLYV,SIVDLGMPV,4
MIVDRGLYV,SIVDMGTYV,3
MIVDRGLYV,SIVDTGSFV,4
MIVDRGLYV,VILDLGLCV,4
MIVDRGLYV,VIMDIGLFV,4
MIVLWGSWV,NIVDVGSWV,3
MIVLWGSWV,SIVDTGSFV,4
MIVLWGSWV,VIVGFGSQV,4
MLLGIGSSV,NILGFGSLV,4
MLLGIGSSV,NILGVGSSV,3
MLLGIGSSV,NLLGFGSGL,4
MLLGIGSSV,NLLGVGSFV,3
MLLGIGSSV,NLVGFGSQV,4
MLLGIGSSV,PLLDRGSLV,4
MLLGIGSSV,PLLGFGSCV,3
MLLGIGSSV,PLLGFGTPV,4
MLLGIGSSV,RILGFGSLV,4
MLLGIGSSV,RLLGFGSVV,3
MLLGIGSSV,SILGFGSLV,4
MLLGIGSSV,SILGFGTSV,4
MLLGIGSSV,SILGIGSPL,4
MLLGIGSSV,SLLGFGSHL,4
MLLGIGSSV,SLLGFGSSL,3
MLLGIGSSV,SLYGFGSLV,4
MLLGIGSSV,SLYGFGSVV,4
MLLGIGSSV,TILGFGSEV,4
MLLGIGSSV,TLFGFGSLV,4
MLLGIGSSV,TLLGFGSCV,3
MLLGIGSSV,VILAFGSSV,4
MLLGIGSSV,VLLDIGGWV,4
MLLGIGSSV,VLLDIGSWV,3
MLLGIGSSV,VLLGYGSVV,3
MLRDYCCWL,MMWDYGCEL,4
MLWDFDGAL,MLWDRGLSL,4
MLWDRGLSL,MMWDRGLDM,3
MLWDRGLSL,MMWDYGCEL,4
MLWDRGLSL,MMWDYGVGL,4
MLWDRGLSL,NLWDRGLDV,3
MLWDRGLSL,PLLDLGLYL,4
MLWDRGLSL,QLWDRGSAV,4
MLWDRGLSL,QLWDRGVVV,4
MLWDRGLSL,SLWDRGVFL,3
MLWDRGLSL,SLWDVGTLL,4
MLWDRGLSL,VLWDRGTYL,3
MLWDRGLSL,VLWDRGVYL,3
MMIDLGSWL,MMWDYGCEL,4
MMIDLGSWL,MMWDYGVGL,4
MMIDLGSWL,NLIDLGSFL,3
MMIDLGSWL,PLVDLGSCL,4
MMIDLGSWL,PLVDLGSFL,4
MMIDLGSWL,TMIDMGSFM,4
MMWDRGLDM,MMWDYGCEL,4
MMWDRGLDM,MMWDYGVGL,4
MMWDRGLDM,NLWDRGLDV,3
MMWDRGLDM,PILDRGLYM,4
MMWDRGLDM,VMWDRGTYM,3
MMWDYGCEL,MMWDYGVGL,2
MMWDYGVGL,SLWDRGVFL,4
MMWDYGVGL,VLWDRGVYL,4
NIIAFGSCV,NILGFGIPV,4
NIIAFGSCV,NILGFGLCV,3
NIIAFGSCV,NILGFGSLV,3
NIIAFGSCV,NILGVGSSV,4
NIIAFGSCV,NIMDFGSVV,3
NIIAFGSCV,NIVDFGCVV,4
NIIAFGSCV,NIVDVGSWV,4
NIIAFGSCV,NLVGFGSQV,4
NIIAFGSCV,PLLGFGSCV,4
NIIAFGSCV,RILGFGSLV,4
NIIAFGSCV,SILGFGSLV,4
NIIAFGSCV,TILGFGSEV,4
NIIAFGSCV,TLLGFGSCV,4
NIIAFGSCV,VILAFGSSV,3
NIIAFGSCV,VILAFGTHV,4
NIIAFGSCV,VIVGFGSQV,4
NILGFGIPV,NILGFGLCV,2
NILGFGIPV,NILGFGSLV,2
NILGFGIPV,NILGVGSSV,3
NILGFGIPV,NIMDFGSVV,4
NILGFGIPV,NISDLGLPV,4
NILGFGIPV,NIVDFGCVV,4
NILGFGIPV,NLLGFGSGL,4
NILGFGIPV,NLLGVGSFV,4
NILGFGIPV,NLVGFGSQV,4
NILGFGIPV,NMLGFGSGL,4
NILGFGIPV,PLLGFGSCV,4
NILGFGIPV,PLLGFGTPV,3
NILGFGIPV,QILGFGCFL,4
NILGFGIPV,QILGFGMLL,4
NILGFGIPV,QILGFGSYM,4
NILGFGIPV,RILGFGSLV,3
NILGFGIPV,RILGFGTDV,3
NILGFGIPV,RLLGFGSVV,4
NILGFGIPV,SILGFGSLM,4
NILGFGIPV,SILGFGSLV,3
NILGFGIPV,SILGFGSYL,4
NILGFGIPV,SILGFGTSV,3
NILGFGIPV,SILGIGSPL,4
NILGFGIPV,SIPGFGTHV,4
NILGFGIPV,TILGFGSEV,3
NILGFGIPV,TLLGFGSCV,4
NILGFGIPV,VILAFGSSV,4
NILGFGIPV,VILAFGTHV,4
NILGFGIPV,VILGFGSAL,4
NILGFGIPV,VILGFGSAP,4
NILGFGIPV,VILGFGSLM,4
NILGFGIPV,VILGFGSPL,3
NILGFGIPV,VIVGFGSQV,4
NILGFGLCV,NILGFGSLV,2
NILGFGLCV,NILGVGSSV,3
NILGFGLCV,NIMDFGSVV,4
NILGFGLCV,NISDLGLPV,4
NILGFGLCV,NIVDFGCVV,4
NILGFGLCV,NLLGFGSGL,4
NILGFGLCV,NLLGVGSFV,4
NILGFGLCV,NLVGFGSQV,4
NILGFGLCV,NMLGFGSGL,4
NILGFGLCV,PILDLGLAV,4
NILGFGLCV,PILDRGLYV,4
NILGFGLCV,PLLGFGSCV,3
NILGFGLCV,PLLGFGTPV,4
NILGFGLCV,QILGFGCFL,4
NILGFGLCV,QILGFGMLL,4
NILGFGLCV,QILGFGSYM,4
NILGFGLCV,RILGFGSLV,3
NILGFGLCV,RILGFGTDV,3
NILGFGLCV,RLLGFGSVV,4
NILGFGLCV,SILDVGLYV,4
NILGFGLCV,SILGFGSLM,4
NILGFGLCV,SILGFGSLV,3
NILGFGLCV,SILGFGSYL,4
NILGFGLCV,SILGFGTSV,3
NILGFGLCV,SIPGFGTHV,4
NILGFGLCV,TILGFGSEV,3
NILGFGLCV,TIVGFGLWM,4
NILGFGLCV,TLLGFGSCV,3
NILGFGLCV,VILAFGSSV,4
NILGFGLCV,VILAFGTHV,4
NILGFGLCV,VILDLGLCV,3
NILGFGLCV,VILGFGSAL,4
NILGFGLCV,VILGFGSAP,4
NILGFGLCV,VILGFGSLM,4
NILGFGLCV,VILGFGSPL,4
NILGFGLCV,VIVGFGSQV,4
NILGFGSLV,NILGVGSSV,2
NILGFGSLV,NIMDFGSVV,3
NILGFGSLV,NIVDFGCVV,4
NILGFGSLV,NIVDVGSWV,4
NILGFGSLV,NLLGFGSGL,3
NILGFGSLV,NLLGVGSFV,3
NILGFGSLV,NLVGFGSQV,3
NILGFGSLV,NMLGFGSGL,3
NILGFGSLV,PLLDRGSLV,4
NILGFGSLV,PLLGFGSCV,3
NILGFGSLV,PLLGFGTPV,4
NILGFGSLV,QILGFGCFL,4
NILGFGSLV,QILGFGMLL,3
NILGFGSLV,QILGFGSYM,3
NILGFGSLV,RILGFGSLV,1
NILGFGSLV,RILGFGTDV,3
NILGFGSLV,RLLGFGSVV,3
NILGFGSLV,SILGFGSLM,2
NILGFGSLV,SILGFGSLV,1
NILGFGSLV,SILGFGSYL,3
NILGFGSLV,SILGFGTSV,3
NILGFGSLV,SILGIGSPL,4
NILGFGSLV,SIPGFGTHV,4
NILGFGSLV,SLLGFGSHL,4
NILGFGSLV,SLLGFGSSL,4
NILGFGSLV,SLYGFGSLV,3
NILGFGSLV,SLYGFGSVV,4
NILGFGSLV,TILGFGSEV,2
NILGFGSLV,TIYGFGSVL,4
NILGFGSLV,TLFGFGSLV,3
NILGFGSLV,TLLGFGSCV,3
NILGFGSLV,VILAFGSSV,3
NILGFGSLV,VILAFGTHV,4
NILGFGSLV,VILGFGSAL,3
NILGFGSLV,VILGFGSAP,3
NILGFGSLV,VILGFGSLM,2
NILGFGSLV,VILGFGSPL,3
NILGFGSLV,VIVGFGSQV,3
NILGFGSLV,VLLGYGSVV,4
NILGVGSSV,NIMDFGSVV,4
NILGVGSSV,NIVDVGSWV,3
NILGVGSSV,NLLGFGSGL,4
NILGVGSSV,NLLGVGSFV,2
NILGVGSSV,NLVGFGSQV,4
NILGVGSSV,NMLGFGSGL,4
NILGVGSSV,PLLGFGSCV,4
NILGVGSSV,QILGFGSYM,4
NILGVGSSV,RILGFGSLV,3
NILGVGSSV,RILGFGTDV,4
NILGVGSSV,RLLGFGSVV,4
NILGVGSSV,SILDVGLYV,4
NILGVGSSV,SILGFGSLM,4
NILGVGSSV,SILGFGSLV,3
NILGVGSSV,SILGFGSYL,4
NILGVGSSV,SILGFGTSV,3
NILGVGSSV,SILGIGSPL,4
NILGVGSSV,SLLGFGSSL,4
NILGVGSSV,TILGFGSEV,3
NILGVGSSV,TLLGFGSCV,4
NILGVGSSV,VILAFGSSV,3
NILGVGSSV,VILGFGSAL,4
NILGVGSSV,VILGFGSAP,4
NILGVGSSV,VILGFGSLM,4
NILGVGSSV,VILGFGSPL,4
NILGVGSSV,VIVGFGSQV,4
NILGVGSSV,VLLGYGSVV,4
NIMDFGSVV,NISDLGLPV,4
NIMDFGSVV,NIVDFGCVV,2
NIMDFGSVV,NIVDVGSWV,3
NIMDFGSVV,NLVGFGSQV,4
NIMDFGSVV,RILGFGSLV,4
NIMDFGSVV,RLLGFGSVV,4
NIMDFGSVV,SILGFGSLV,4
NIMDFGSVV,SIVDTGSFV,4
NIMDFGSVV,SLYGFGSVV,4
NIMDFGSVV,TILGFGSEV,4
NIMDFGSVV,TIYGFGSVL,4
NIMDFGSVV,TLVDLGSVV,4
NIMDFGSVV,VILAFGSSV,4
NIMDFGSVV,VIMDIGLFV,4
NIMDFGSVV,VIVGFGSQV,4
NIMDFGSVV,VIYDLGSFV,4
NIPDLGLFL,NISDLGLPV,3
NIPDLGLFL,NLFCLDLFL,4
NIPDLGLFL,NLIDLGSFL,3
NIPDLGLFL,NLLDLGTYL,4
NIPDLGLFL,NLQDLGLAV,4
NIPDLGLFL,PILDLGLAV,4
NIPDLGLFL,PIVDLGTLL,4
NIPDLGLFL,PLLDLGLYL,4
NIPDLGLFL,PLQDLGLFV,4
NIPDLGLFL,PLVDLGSFL,4
NIPDLGLFL,SLVDLGTFL,4
NIPDLGLFL,SMPDLGLLV,4
NIPDLGLFL,TLQDLGLFV,4
NIPDLGLFL,VILDLGLCV,4
NIPDLGLFL,VIMDIGLFV,4
NIPDLGLFL,VIYDLGSFV,4
NISDLGLPV,NIVDFGCVV,4
NISDLGLPV,NIVDVGSWV,4
NISDLGLPV,NLQDLGLAV,3
NISDLGLPV,NLWDRGLDV,4
NISDLGLPV,PILDLGLAV,3
NISDLGLPV,PILDRGLYV,4
NISDLGLPV,PLQDLGLFV,4
NISDLGLPV,SILDVGLYV,4
NISDLGLPV,SIVDIGLLV,4
NISDLGLPV,SIVDLGIPM,4
NISDLGLPV,SIVDLGMPV,3
NISDLGLPV,SMPDLGLLV,4
NISDLGLPV,TLQDLGLFV,4
NISDLGLPV,VILDLGLCV,3
NISDLGLPV,VIMDIGLFV,4
NISDLGLPV,VIYDLGSFV,4
NIVDFGCVV,NIVDVGSWV,3
NIVDFGCVV,NLVGFGSQV,4
NIVDFGCVV,SIVDIGLLV,4
NIVDFGCVV,SIVDLGMPV,4
NIVDFGCVV,SIVDMGTYV,4
NIVDFGCVV,SIVDTGSFV,4
NIVDFGCVV,TLVDLGSVV,4
NIVDFGCVV,VIVGFGSQV,4
NIVDVGSWV,NLLGVGSFV,4
NIVDVGSWV,NLVGFGSQV,4
NIVDVGSWV,PLVDLGSHV,4
NIVDVGSWV,SILDVGLYV,4
NIVDVGSWV,SIVDIGLLV,4
NIVDVGSWV,SIVDLGMPV,4
NIVDVGSWV,SIVDMGTYV,4
NIVDVGSWV,SIVDTGSFV,3
NIVDVGSWV,TLVDLGSVV,4
NIVDVGSWV,VIVGFGSQV,4
NIVDVGSWV,VIYDLGSFV,4
NIVDVGSWV,VLLDIGSWV,4
NLFCLDLFL,NLIDLGSFL,4
NLIDLGSFL,NLLDLGTYL,3
NLIDLGSFL,NLLGFGSGL,4
NLIDLGSFL,NLLGVGSFV,4
NLIDLGSFL,NLQDLGLAV,4
NLIDLGSFL,PLLDLGLYL,4
NLIDLGSFL,PLQDLGLFV,4
NLIDLGSFL,PLVDLGSCL,3
NLIDLGSFL,PLVDLGSFL,2
NLIDLGSFL,PLVDLGSFM,3
NLIDLGSFL,PLVDLGSHV,4
NLIDLGSFL,SLVDLGTFL,3
NLIDLGSFL,SLWDRGVFL,4
NLIDLGSFL,TLQDLGLFV,4
NLIDLGSFL,TLVDLGSVV,4
NLIDLGSFL,TMIDMGSFM,4
NLIDLGSFL,VIYDLGSFV,4
NLLDLGTYL,NLLGFGSGL,4
NLLDLGTYL,NLQDLGLAV,4
NLLDLGTYL,NMLDFGGDL,4
NLLDLGTYL,PIVDLGTLL,4
NLLDLGTYL,PLLDLGLYL,2
NLLDLGTYL,PLVDLGSCL,4
NLLDLGTYL,PLVDLGSFL,4
NLLDLGTYL,SLPDLGTCV,4
NLLDLGTYL,SLVDLGTFL,3
NLLDLGTYL,SLWDVGTLL,4
NLLDLGTYL,TLLDRGTRV,4
NLLDLGTYL,VLWDRGTYL,3
NLLDLGTYL,VLWDRGVYL,4
NLLGFGSGL,NLLGVGSFV,3
NLLGFGSGL,NLVGFGSQV,3
NLLGFGSGL,NMLDFGGDL,4
NLLGFGSGL,NMLGFGSGL,1
NLLGFGSGL,PLLGFGSCV,3
NLLGFGSGL,PLLGFGTPV,4
NLLGFGSGL,QILGFGCFL,4
NLLGFGSGL,QILGFGMLL,4
NLLGFGSGL,QILGFGSYM,4
NLLGFGSGL,RILGFGSLV,4
NLLGFGSGL,RLLGFGSVV,3
NLLGFGSGL,SILGFGSLM,4
NLLGFGSGL,SILGFGSLV,4
NLLGFGSGL,SILGFGSYL,3
NLLGFGSGL,SILGIGSPL,4
NLLGFGSGL,SLLGFGSHL,2
NLLGFGSGL,SLLGFGSSL,2
NLLGFGSGL,SLYGFGSLV,4
NLLGFGSGL,SLYGFGSVV,4
NLLGFGSGL,TILGFGSEV,4
NLLGFGSGL,TIYGFGSVL,4
NLLGFGSGL,TLFGFGSLV,4
NLLGFGSGL,TLLGFGSCV,3
NLLGFGSGL,VILGFGSAL,3
NLLGFGSGL,VILGFGSAP,4
NLLGFGSGL,VILGFGSLM,4
NLLGFGSGL,VILGFGSPL,3
NLLGFGSGL,VLLGYGSVV,4
NLLGVGSFV,NLVGFGSQV,3
NLLGVGSFV,NMLGFGSGL,4
NLLGVGSFV,PLLDRGSLV,4
NLLGVGSFV,PLLGFGSCV,3
NLLGVGSFV,PLLGFGTPV,4
NLLGVGSFV,RILGFGSLV,4
NLLGVGSFV,RLLGFGSVV,3
NLLGVGSFV,SILGFGSLV,4
NLLGVGSFV,SLLGFGSHL,4
NLLGVGSFV,SLLGFGSSL,4
NLLGVGSFV,SLYGFGSLV,4
NLLGVGSFV,SLYGFGSVV,4
NLLGVGSFV,TILGFGSEV,4
NLLGVGSFV,TLFGFGSLV,4
NLLGVGSFV,TLLGFGSCV,3
NLLGVGSFV,VLLDIGSWV,4
NLLGVGSFV,VLLGYGSVV,3
NLQDLGLAV,NLWDRGLDV,3
NLQDLGLAV,PILDLGLAV,3
NLQDLGLAV,PLLDLGLYL,4
NLQDLGLAV,PLQDLGLFV,2
NLQDLGLAV,PLVDLGSHV,4
NLQDLGLAV,QLWDRGSAV,4
NLQDLGLAV,QLYDVGLYV,4
NLQDLGLAV,SLPDLGTCV,4
NLQDLGLAV,SMPDLGLLV,4
NLQDLGLAV,TLQDLGLFV,2
NLQDLGLAV,TLVDLGSVV,4
NLQDLGLAV,VILDLGLCV,4
NLVGFGSQV,NMFNKGSQV,4
NLVGFGSQV,NMLGFGSGL,4
NLVGFGSQV,PLLGFGSCV,3
NLVGFGSQV,PLLGFGTPV,4
NLVGFGSQV,PLVDLGSHV,4
NLVGFGSQV,RILGFGSLV,4
NLVGFGSQV,RLLGFGSVV,3
NLVGFGSQV,SILGFGSLV,4
NLVGFGSQV,SLLGFGSHL,4
NLVGFGSQV,SLLGFGSSL,4
NLVGFGSQV,SLYGFGSLV,3
NLVGFGSQV,SLYGFGSVV,3
NLVGFGSQV,TILGFGSEV,4
NLVGFGSQV,TLFGFGSLV,3
NLVGFGSQV,TLLGFGSCV,3
NLVGFGSQV,TLVDLGSVV,4
NLVGFGSQV,TLVGFGTAV,3
NLVGFGSQV,VIVGFGSQV,2
NLVGFGSQV,VLLGYGSVV,4
NLWDRGLDV,PILDRGLYV,4
NLWDRGLDV,PLLDRGSLV,4
NLWDRGLDV,PLQDLGLFV,4
NLWDRGLDV,QLFDRGVHV,4
NLWDRGLDV,QLFDRGVYV,4
NLWDRGLDV,QLWDRGSAV,3
NLWDRGLDV,QLWDRGVVV,3
NLWDRGLDV,QLYDVGLYV,4
NLWDRGLDV,SLEDRGGFV,4
NLWDRGLDV,SLWDRGVFL,4
NLWDRGLDV,TLLDRGTRV,4
NLWDRGLDV,TLQDLGLFV,4
NLWDRGLDV,VLWDRGTYL,4
NLWDRGLDV,VLWDRGVYL,4
NMLDFGGDL,NMLGFGSGL,3
NMLGFGSGL,PLLGFGSCV,4
NMLGFGSGL,QILGFGCFL,4
NMLGFGSGL,QILGFGMLL,4
NMLGFGSGL,QILGFGSYM,4
NMLGFGSGL,RILGFGSLV,4
NMLGFGSGL,RLLGFGSVV,4
NMLGFGSGL,SILGFGSLM,4
NMLGFGSGL,SILGFGSLV,4
NMLGFGSGL,SILGFGSYL,3
NMLGFGSGL,SILGIGSPL,4
NMLGFGSGL,SLLGFGSHL,3
NMLGFGSGL,SLLGFGSSL,3
NMLGFGSGL,TILGFGSEV,4
NMLGFGSGL,TIYGFGSVL,4
NMLGFGSGL,TLLGFGSCV,4
NMLGFGSGL,VILGFGSAL,3
NMLGFGSGL,VILGFGSAP,4
NMLGFGSGL,VILGFGSLM,4
NMLGFGSGL,VILGFGSPL,3
PILDLGLAV,PILDRGLYM,3
PILDLGLAV,PILDRGLYV,2
PILDLGLAV,PIVDLGTLL,4
PILDLGLAV,PLLDLGLYL,3
PILDLGLAV,PLLDRGSLV,4
PILDLGLAV,PLQDLGLFV,3
PILDLGLAV,PLVDLGSHV,4
PILDLGLAV,SILDVGLYV,3
PILDLGLAV,SIVDIGLLV,4
PILDLGLAV,SIVDLGMPV,4
PILDLGLAV,SMPDLGLLV,4
PILDLGLAV,TLQDLGLFV,4
PILDLGLAV,VILDLGLCV,2
PILDLGLAV,VIMDIGLFV,4
PILDLGLAV,VIYDLGSFV,4
PILDRGLYM,PILDRGLYV,1
PILDRGLYM,PLLDLGLYL,3
PILDRGLYM,PLLDRGSLV,4
PILDRGLYM,QILGFGSYM,4
PILDRGLYM,SILDVGLYV,3
PILDRGLYM,TILDRGMHL,4
PILDRGLYM,VILDLGLCV,4
PILDRGLYM,VMWDRGTYM,4
PILDRGLYV,PLLDLGLYL,3
PILDRGLYV,PLLDRGSLV,3
PILDRGLYV,PLQDLGLFV,4
PILDRGLYV,QLFDRGVYV,4
PILDRGLYV,QLYDVGLYV,4
PILDRGLYV,SILDVGLYV,2
PILDRGLYV,SIVDIGLLV,4
PILDRGLYV,SIVDMGTYV,4
PILDRGLYV,TILDRGMHL,4
PILDRGLYV,TLLDRGTRV,4
PILDRGLYV,VILDLGLCV,3
PILDRGLYV,VIMDIGLFV,4
PIVDLGTLL,PLLDLGLYL,4
PIVDLGTLL,PLVDLGSCL,3
PIVDLGTLL,PLVDLGSFL,3
PIVDLGTLL,PLVDLGSFM,4
PIVDLGTLL,PLVDLGSHV,4
PIVDLGTLL,SIVDIGLLV,4
PIVDLGTLL,SIVDLGIPM,4
PIVDLGTLL,SIVDLGMPV,4
PIVDLGTLL,SIVDMGTYV,4
PIVDLGTLL,SLVDLGTFL,3
PIVDLGTLL,SLWDVGTLL,4
PLCGWSRSL,RLCGWGRPM,4
PLCGWSRSL,SICGWGRPL,4
PLLDLGLYL,PLLDRGSLV,4
PLLDLGLYL,PLQDLGLFV,3
PLLDLGLYL,PLVDLGSCL,3
PLLDLGLYL,PLVDLGSFL,3
PLLDLGLYL,PLVDLGSFM,4
PLLDLGLYL,PLVDLGSHV,4
PLLDLGLYL,QLYDVGLYV,4
PLLDLGLYL,SILDVGLYV,4
PLLDLGLYL,SLVDLGTFL,4
PLLDLGLYL,TLQDLGLFV,4
PLLDLGLYL,VILDLGLCV,4
PLLDLGLYL,VLWDRGTYL,4
PLLDLGLYL,VLWDRGVYL,4
PLLDRGSLV,PLLGFGSCV,3
PLLDRGSLV,PLLGFGTPV,4
PLLDRGSLV,PLQDLGLFV,4
PLLDRGSLV,PLVDLGSCL,4
PLLDRGSLV,PLVDLGSFL,4
PLLDRGSLV,PLVDLGSFM,4
PLLDRGSLV,PLVDLGSHV,3
PLLDRGSLV,QLFDRGVHV,4
PLLDRGSLV,QLFDRGVYV,4
PLLDRGSLV,QLWDRGSAV,3
PLLDRGSLV,QLWDRGVVV,4
PLLDRGSLV,RILGFGSLV,4
PLLDRGSLV,RLLGFGSVV,4
PLLDRGSLV,SILGFGSLV,4
PLLDRGSLV,SLEDRGGFV,4
PLLDRGSLV,SLYGFGSLV,4
PLLDRGSLV,TLFGFGSLV,4
PLLDRGSLV,TLLDRGTRV,3
PLLDRGSLV,TLLGFGSCV,4
PLLDRGSLV,TLVDLGSVV,4
PLLDRGSLV,VLHDMGSHV,4
PLLDRGSLV,VLLDIGGWV,4
PLLDRGSLV,VLLDIGSWV,3
PLLDRGSLV,VLLGYGSVV,4
PLLGFGSCV,PLLGFGTPV,2
PLLGFGSCV,PLVDLGSCL,4
PLLGFGSCV,PLVDLGSHV,4
PLLGFGSCV,QILGFGSYM,4
PLLGFGSCV,RILGFGSLV,3
PLLGFGSCV,RILGFGTDV,4
PLLGFGSCV,RLLGFGSVV,2
PLLGFGSCV,SILGFGSLM,4
PLLGFGSCV,SILGFGSLV,3
PLLGFGSCV,SILGFGSYL,4
PLLGFGSCV,SILGFGTSV,4
PLLGFGSCV,SLLGFGSHL,3
PLLGFGSCV,SLLGFGSSL,3
PLLGFGSCV,SLYGFGSLV,3
PLLGFGSCV,SLYGFGSVV,3
PLLGFGSCV,TILGFGSEV,3
PLLGFGSCV,TLFGFGSLV,3
PLLGFGSCV,TLLGFGSCV,1
PLLGFGSCV,TLVGFGTAV,4
PLLGFGSCV,VILAFGSSV,4
PLLGFGSCV,VILGFGSAL,4
PLLGFGSCV,VILGFGSAP,4
PLLGFGSCV,VILGFGSLM,4
PLLGFGSCV,VILGFGSPL,4
PLLGFGSCV,VIVGFGSQV,4
PLLGFGSCV,VLLDIGSWV,4
PLLGFGSCV,VLLGYGSVV,3
PLLGFGTPV,RILGFGSLV,4
PLLGFGTPV,RILGFGTDV,3
PLLGFGTPV,RLLGFGSVV,3
PLLGFGTPV,SILGFGSLV,4
PLLGFGTPV,SILGFGTSV,3
PLLGFGTPV,SIPGFGTHV,4
PLLGFGTPV,SLLGFGSHL,4
PLLGFGTPV,SLLGFGSSL,4
PLLGFGTPV,SLYGFGSLV,4
PLLGFGTPV,SLYGFGSVV,4
PLLGFGTPV,TILGFGSEV,4
PLLGFGTPV,TLFGFGSLV,4
PLLGFGTPV,TLLDRGTRV,4
PLLGFGTPV,TLLGFGSCV,3
PLLGFGTPV,TLVGFGTAV,3
PLLGFGTPV,VILAFGTHV,4
PLLGFGTPV,VILGFGSPL,4
PLLGFGTPV,VLLGYGSVV,4
PLQDLGLFV,PLVDLGSCL,4
PLQDLGLFV,PLVDLGSFL,3
PLQDLGLFV,PLVDLGSFM,3
PLQDLGLFV,PLVDLGSHV,3
PLQDLGLFV,QLYDVGLYV,4
PLQDLGLFV,SLEDRGGFV,4
PLQDLGLFV,SLPDLGTCV,4
PLQDLGLFV,SLVDLGTFL,4
PLQDLGLFV,SMPDLGLLV,4
PLQDLGLFV,TLQDLGLFV,1
PLQDLGLFV,TLVDLGSVV,4
PLQDLGLFV,VILDLGLCV,4
PLQDLGLFV,VIMDIGLFV,4
PLQDLGLFV,VIYDLGSFV,4
PLVDLGSCL,PLVDLGSFL,1
PLVDLGSCL,PLVDLGSFM,2
PLVDLGSCL,PLVDLGSHV,2
PLVDLGSCL,SLPDLGTCV,4
PLVDLGSCL,SLVDLGTFL,3
PLVDLGSCL,TLVDLGMPM,4
PLVDLGSCL,TLVDLGSVV,3
PLVDLGSFL,PLVDLGSFM,1
PLVDLGSFL,PLVDLGSHV,2
PLVDLGSFL,SIVDTGSFV,4
PLVDLGSFL,SLVDLGTFL,2
PLVDLGSFL,SLWDRGVFL,4
PLVDLGSFL,TLQDLGLFV,4
PLVDLGSFL,TLVDLGMPM,4
PLVDLGSFL,TLVDLGSVV,3
PLVDLGSFL,VIYDLGSFV,4
PLVDLGSFM,PLVDLGSHV,2
PLVDLGSFM,QLVDMGFWM,4
PLVDLGSFM,SIVDLGIPM,4
PLVDLGSFM,SIVDTGSFV,4
PLVDLGSFM,SLVDLGTFL,3
PLVDLGSFM,TLQDLGLFV,4
PLVDLGSFM,TLVDLGMPM,3
PLVDLGSFM,TLVDLGSVV,3
PLVDLGSFM,TMIDMGSFM,4
PLVDLGSFM,VIYDLGSFV,4
PLVDLGSHV,QLFDRGVHV,4
PLVDLGSHV,QLVDMGTRV,4
PLVDLGSHV,QLWDRGSAV,4
PLVDLGSHV,SIVDLGMPV,4
PLVDLGSHV,SIVDTGSFV,4
PLVDLGSHV,SLPDLGTCV,4
PLVDLGSHV,SLVDLGTFL,4
PLVDLGSHV,TLQDLGLFV,4
PLVDLGSHV,TLVDLGMPM,4
PLVDLGSHV,TLVDLGSVV,2
PLVDLGSHV,VIYDLGSFV,4
PLVDLGSHV,VLHDMGSHV,3
PLVDLGSHV,VLLDIGSWV,4
QILGFGCFL,QILGFGMLL,2
QILGFGCFL,QILGFGSYM,3
QILGFGCFL,RILGFGSLV,4
QILGFGCFL,RILGFGTDV,4
QILGFGCFL,SILGFGSLM,4
QILGFGCFL,SILGFGSLV,4
QILGFGCFL,SILGFGSYL,3
QILGFGCFL,SILGFGTSV,4
QILGFGCFL,SILGIGSPL,4
QILGFGCFL,SLLGFGSHL,4
QILGFGCFL,SLLGFGSSL,4
QILGFGCFL,TILGFGSEV,4
QILGFGCFL,TIYGFGSVL,4
QILGFGCFL,VILGFGSAL,3
QILGFGCFL,VILGFGSAP,4
QILGFGCFL,VILGFGSLM,4
QILGFGCFL,VILGFGSPL,3
QILGFGCFL,VIVGFGMHL,4
QILGFGMLL,QILGFGSYM,3
QILGFGMLL,RILGFGSLV,3
QILGFGMLL,RILGFGTDV,4
QILGFGMLL,SILGFGSLM,3
QILGFGMLL,SILGFGSLV,3
QILGFGMLL,SILGFGSYL,3
QILGFGMLL,SILGFGTSV,4
QILGFGMLL,SILGIGSPL,4
QILGFGMLL,SLLGFGSHL,4
QILGFGMLL,SLLGFGSSL,4
QILGFGMLL,TILDRGMHL,4
QILGFGMLL,TILGFGSEV,4
QILGFGMLL,TIYGFGSVL,4
QILGFGMLL,VILGFGSAL,3
QILGFGMLL,VILGFGSAP,4
QILGFGMLL,VILGFGSLM,3
QILGFGMLL,VILGFGSPL,3
QILGFGMLL,VIVGFGMHL,3
QILGFGSYM,RILGFGSLV,3
QILGFGSYM,RILGFGTDV,4
QILGFGSYM,RLLGFGSVV,4
QILGFGSYM,SILGFGSLM,2
QILGFGSYM,SILGFGSLV,3
QILGFGSYM,SILGFGSYL,2
QILGFGSYM,SILGFGTSV,4
QILGFGSYM,SILGIGSPL,4
QILGFGSYM,SLLGFGSHL,4
QILGFGSYM,SLLGFGSSL,4
QILGFGSYM,TILGFGSEV,3
QILGFGSYM,TIVGFGLWM,4
QILGFGSYM,TIYGFGSVL,4
QILGFGSYM,TLLGFGSCV,4
QILGFGSYM,VILAFGSSV,4
QILGFGSYM,VILGFGSAL,3
QILGFGSYM,VILGFGSAP,3
QILGFGSYM,VILGFGSLM,2
QILGFGSYM,VILGFGSPL,3
QILGFGSYM,VIVGFGSQV,4
QLFDRGVHV,QLFDRGVYV,1
QLFDRGVHV,QLVDMGTRV,4
QLFDRGVHV,QLWDRGSAV,3
QLFDRGVHV,QLWDRGVVV,2
QLFDRGVHV,QLYDVGLYV,4
QLFDRGVHV,SLEDRGGFV,4
QLFDRGVHV,SLWDRGVFL,4
QLFDRGVHV,TLLDRGTRV,4
QLFDRGVHV,VLHDMGSHV,4
QLFDRGVHV,VLWDRGVYL,4
QLFDRGVYV,QLVDMGTRV,4
QLFDRGVYV,QLWDRGSAV,3
QLFDRGVYV,QLWDRGVVV,2
QLFDRGVYV,QLYDVGLYV,3
QLFDRGVYV,SLEDRGGFV,4
QLFDRGVYV,SLWDRGVFL,4
QLFDRGVYV,TLLDRGTRV,4
QLFDRGVYV,VLWDRGTYL,4
QLFDRGVYV,VLWDRGVYL,3
QLVDMGFWM,QLVDMGTRV,3
QLVDMGFWM,TLVDLGMPM,4
QLVDMGFWM,TLWDWGTWM,4
QLVDMGFWM,VLYGTGFWM,4
QLVDMGTRV,QLWDRGSAV,4
QLVDMGTRV,QLWDRGVVV,4
QLVDMGTRV,QLYDVGLYV,4
QLVDMGTRV,SIVDMGTYV,3
QLVDMGTRV,SLPDLGTCV,4
QLVDMGTRV,SLVDLGTFL,4
QLVDMGTRV,TLLDRGTRV,3
QLVDMGTRV,TLVDLGSVV,4
QLVDMGTRV,TLVGFGTAV,4
QLVDMGTRV,VLHDMGSHV,4
QLWDRGSAV,QLWDRGVVV,2
QLWDRGSAV,QLYDVGLYV,4
QLWDRGSAV,SLEDRGGFV,4
QLWDRGSAV,SLWDRGVFL,4
QLWDRGSAV,TLLDRGTRV,4
QLWDRGSAV,TLVDLGSVV,4
QLWDRGSAV,VLHDMGSHV,4
QLWDRGSAV,VLLDIGSWV,4
QLWDRGSAV,VLWDRGTYL,4
QLWDRGSAV,VLWDRGVYL,4
QLWDRGVVV,QLYDVGLYV,4
QLWDRGVVV,SLEDRGGFV,4
QLWDRGVVV,SLWDRGVFL,3
QLWDRGVVV,TLLDRGTRV,4
QLWDRGVVV,TLVDLGSVV,4
QLWDRGVVV,VLWDRGTYL,4
QLWDRGVVV,VLWDRGVYL,3
QLYDVGLYV,SILDVGLYV,3
QLYDVGLYV,TLQDLGLFV,4
RILGFGSLV,RILGFGTDV,2
RILGFGSLV,RLLGFGSVV,2
RILGFGSLV,SILGFGSLM,2
RILGFGSLV,SILGFGSLV,1
RILGFGSLV,SILGFGSYL,3
RILGFGSLV,SILGFGTSV,3
RILGFGSLV,SILGIGSPL,4
RILGFGSLV,SIPGFGTHV,4
RILGFGSLV,SLLGFGSHL,4
RILGFGSLV,SLLGFGSSL,4
RILGFGSLV,SLYGFGSLV,3
RILGFGSLV,SLYGFGSVV,4
RILGFGSLV,TILGFGSEV,2
RILGFGSLV,TIYGFGSVL,4
RILGFGSLV,TLFGFGSLV,3
RILGFGSLV,TLLGFGSCV,3
RILGFGSLV,VILAFGSSV,3
RILGFGSLV,VILAFGTHV,4
RILGFGSLV,VILGFGSAL,3
RILGFGSLV,VILGFGSAP,3
RILGFGSLV,VILGFGSLM,2
RILGFGSLV,VILGFGSPL,3
RILGFGSLV,VIVGFGSQV,3
RILGFGSLV,VLLGYGSVV,4
RILGFGTDV,RLLGFGSVV,3
RILGFGTDV,SILGFGSLM,4
RILGFGTDV,SILGFGSLV,3
RILGFGTDV,SILGFGSYL,4
RILGFGTDV,SILGFGTSV,2
RILGFGTDV,SIPGFGTHV,3
RILGFGTDV,TILGFGSEV,3
RILGFGTDV,TLLGFGSCV,4
RILGFGTDV,TLVGFGTAV,4
RILGFGTDV,VILAFGSSV,4
RILGFGTDV,VILAFGTHV,3
RILGFGTDV,VILGFGSAL,4
RILGFGTDV,VILGFGSAP,4
RILGFGTDV,VILGFGSLM,4
RILGFGTDV,VILGFGSPL,4
RILGFGTDV,VIVGFGSQV,4
RLARQGRVV,RLLGFGSVV,4
RLCGWGRPM,SICGWGRPL,3
RLLGFGSVV,SILGFGSLM,4
RLLGFGSVV,SILGFGSLV,3
RLLGFGSVV,SILGFGSYL,4
RLLGFGSVV,SILGFGTSV,4
RLLGFGSVV,SLLGFGSHL,3
RLLGFGSVV,SLLGFGSSL,3
RLLGFGSVV,SLYGFGSLV,3
RLLGFGSVV,SLYGFGSVV,2
RLLGFGSVV,TILGFGSEV,3
RLLGFGSVV,TIYGFGSVL,4
RLLGFGSVV,TLFGFGSLV,3
RLLGFGSVV,TLLGFGSCV,2
RLLGFGSVV,TLVDLGSVV,4
RLLGFGSVV,TLVGFGTAV,4
RLLGFGSVV,VILAFGSSV,4
RLLGFGSVV,VILGFGSAL,4
RLLGFGSVV,VILGFGSAP,4
RLLGFGSVV,VILGFGSLM,4
RLLGFGSVV,VILGFGSPL,4
RLLGFGSVV,VIVGFGSQV,4
RLLGFGSVV,VLLDIGSWV,4
RLLGFGSVV,VLLGYGSVV,2
SICGWGRPL,SILGFGSYL,4
SICGWGRPL,SILGIGSPL,3
SICGWGRPL,VILGFGSPL,4
SILDVGLYV,SILGFGSLV,4
SILDVGLYV,SILGFGSYL,4
SILDVGLYV,SILGFGTSV,4
SILDVGLYV,SIVDIGLLV,3
SILDVGLYV,SIVDLGMPV,4
SILDVGLYV,SIVDMGTYV,3
SILDVGLYV,SIVDTGSFV,4
SILDVGLYV,SMPDLGLLV,4
SILDVGLYV,VILDLGLCV,3
SILDVGLYV,VIMDIGLFV,4
SILGFGSLM,SILGFGSLV,1
SILGFGSLM,SILGFGSYL,2
SILGFGSLM,SILGFGTSV,3
SILGFGSLM,SILGIGSPL,3
SILGFGSLM,SIPGFGTHV,4
SILGFGSLM,SLLGFGSHL,3
SILGFGSLM,SLLGFGSSL,3
SILGFGSLM,SLYGFGSLV,3
SILGFGSLM,SLYGFGSVV,4
SILGFGSLM,TILGFGSEV,3
SILGFGSLM,TIVGFGLWM,4
SILGFGSLM,TIYGFGSVL,4
SILGFGSLM,TLFGFGSLV,4
SILGFGSLM,TLLGFGSCV,4
SILGFGSLM,VILAFGSSV,4
SILGFGSLM,VILGFGSAL,3
SILGFGSLM,VILGFGSAP,3
SILGFGSLM,VILGFGSLM,1
SILGFGSLM,VILGFGSPL,3
SILGFGSLM,VIVGFGSQV,4
SILGFGSLV,SILGFGSYL,2
SILGFGSLV,SILGFGTSV,2
SILGFGSLV,SILGIGSPL,3
SILGFGSLV,SIPGFGTHV,3
SILGFGSLV,SIVDIGLLV,4
SILGFGSLV,SIVDTGSFV,4
SILGFGSLV,SLLGFGSHL,3
SILGFGSLV,SLLGFGSSL,3
SILGFGSLV,SLYGFGSLV,2
SILGFGSLV,SLYGFGSVV,3
SILGFGSLV,TILGFGSEV,2
SILGFGSLV,TIYGFGSVL,4
SILGFGSLV,TLFGFGSLV,3
SILGFGSLV,TLLGFGSCV,3
SILGFGSLV,VILAFGSSV,3
SILGFGSLV,VILAFGTHV,4
SILGFGSLV,VILGFGSAL,3
SILGFGSLV,VILGFGSAP,3
SILGFGSLV,VILGFGSLM,2
SILGFGSLV,VILGFGSPL,3
SILGFGSLV,VIVGFGSQV,3
SILGFGSLV,VLLGYGSVV,4
SILGFGSYL,SILGFGTSV,3
SILGFGSYL,SILGIGSPL,2
SILGFGSYL,SIPGFGTHV,4
SILGFGSYL,SLLGFGSHL,2
SILGFGSYL,SLLGFGSSL,2
SILGFGSYL,SLYGFGSLV,4
SILGFGSYL,SLYGFGSVV,4
SILGFGSYL,TILGFGSEV,3
SILGFGSYL,TIYGFGSVL,3
SILGFGSYL,TLLGFGSCV,4
SILGFGSYL,VILAFGSSV,4
SILGFGSYL,VILGFGSAL,2
SILGFGSYL,VILGFGSAP,3
SILGFGSYL,VILGFGSLM,3
SILGFGSYL,VILGFGSPL,2
SILGFGSYL,VIVGFGMHL,4
SILGFGSYL,VIVGFGSQV,4
SILGFGTSV,SILGIGSPL,4
SILGFGTSV,SIPGFGTHV,2
SILGFGTSV,SIVDMGTYV,4
SILGFGTSV,SLLGFGSHL,4
SILGFGTSV,SLLGFGSSL,3
SILGFGTSV,SLYGFGSLV,4
SILGFGTSV,SLYGFGSVV,4
SILGFGTSV,TILGFGSEV,3
SILGFGTSV,TLLGFGSCV,4
SILGFGTSV,TLVGFGTAV,4
SILGFGTSV,VILAFGSSV,3
SILGFGTSV,VILAFGTHV,3
SILGFGTSV,VILGFGSAL,4
SILGFGTSV,VILGFGSAP,4
SILGFGTSV,VILGFGSLM,4
SILGFGTSV,VILGFGSPL,4
SILGFGTSV,VIVGFGSQV,4
SILGIGSPL,SLLGFGSHL,3
SILGIGSPL,SLLGFGSSL,3
SILGIGSPL,TILGFGSEV,4
SILGIGSPL,TIYGFGSVL,4
SILGIGSPL,VILGFGSAL,3
SILGIGSPL,VILGFGSAP,4
SILGIGSPL,VILGFGSLM,4
SILGIGSPL,VILGFGSPL,2
SILGIGSPL,VLFGIGAPL,4
SIPGFGTHV,SIVDMGTYV,4
SIPGFGTHV,SLLGFGSHL,4
SIPGFGTHV,SLPDLGTCV,4
SIPGFGTHV,SLYGFGSLV,4
SIPGFGTHV,SLYGFGSVV,4
SIPGFGTHV,TILGFGSEV,4
SIPGFGTHV,TLVGFGTAV,4
SIPGFGTHV,VILAFGTHV,3
SIPGFGTHV,VIVGFGMHL,4
SIPGFGTHV,VIVGFGSQV,4
SIVDIGLLV,SIVDLGIPM,4
SIVDIGLLV,SIVDLGMPV,3
SIVDIGLLV,SIVDMGTYV,3
SIVDIGLLV,SIVDTGSFV,3
SIVDIGLLV,SMPDLGLLV,3
SIVDIGLLV,VILDLGLCV,4
SIVDIGLLV,VIMDIGLFV,3
SIVDLGIPM,SIVDLGMPV,2
SIVDLGIPM,SIVDMGTYV,4
SIVDLGIPM,SIVDTGSFV,4
SIVDLGIPM,SLVDLGTFL,4
SIVDLGIPM,TLVDLGMPM,3
SIVDLGMPV,SIVDMGTYV,3
SIVDLGMPV,SIVDTGSFV,3
SIVDLGMPV,SLPDLGTCV,4
SIVDLGMPV,SLVDLGTFL,4
SIVDLGMPV,SMPDLGLLV,4
SIVDLGMPV,TLVDLGMPM,3
SIVDLGMPV,TLVDLGSVV,4
SIVDLGMPV,VILDLGLCV,4
SIVDLGMPV,VIYDLGSFV,4
SIVDMGTYV,SIVDTGSFV,3
SIVDMGTYV,SLPDLGTCV,4
SIVDMGTYV,SLVDLGTFL,4
SIVDTGSFV,SLEDRGGFV,4
SIVDTGSFV,SLVDLGTFL,4
SIVDTGSFV,TLVDLGSVV,4
SIVDTGSFV,VIMDIGLFV,4
SIVDTGSFV,VIVGFGSQV,4
SIVDTGSFV,VIYDLGSFV,3
SLEDRGGFV,SLPDLGTCV,4
SLEDRGGFV,SLVDLGTFL,4
SLEDRGGFV,SLWDRGVFL,3
SLEDRGGFV,TLLDRGTRV,4
SLEDRGGFV,TLQDLGLFV,4
SLEDRGGFV,VLLDIGGWV,4
SLLGFGSHL,SLLGFGSSL,1
SLLGFGSHL,SLYGFGSLV,3
SLLGFGSHL,SLYGFGSVV,3
SLLGFGSHL,TILGFGSEV,4
SLLGFGSHL,TIYGFGSVL,4
SLLGFGSHL,TLFGFGSLV,4
SLLGFGSHL,TLLGFGSCV,3
SLLGFGSHL,VILGFGSAL,3
SLLGFGSHL,VILGFGSAP,4
SLLGFGSHL,VILGFGSLM,4
SLLGFGSHL,VILGFGSPL,3
SLLGFGSHL,VIVGFGMHL,4
SLLGFGSHL,VLLGYGSVV,4
SLLGFGSSL,SLYGFGSLV,3
SLLGFGSSL,SLYGFGSVV,3
SLLGFGSSL,TILGFGSEV,4
SLLGFGSSL,TIYGFGSVL,4
SLLGFGSSL,TLFGFGSLV,4
SLLGFGSSL,TLLGFGSCV,3
SLLGFGSSL,VILAFGSSV,4
SLLGFGSSL,VILGFGSAL,3
SLLGFGSSL,VILGFGSAP,4
SLLGFGSSL,VILGFGSLM,4
SLLGFGSSL,VILGFGSPL,3
SLLGFGSSL,VLLGYGSVV,4
SLPDFTVFL,SLVDLGTFL,4
SLPDFTVFL,SLWDRGVFL,3
SLPDLGTCV,SLVDLGTFL,3
SLPDLGTCV,SLWDVGTLL,4
SLPDLGTCV,SMPDLGLLV,3
SLPDLGTCV,TLLDRGTRV,4
SLPDLGTCV,TLQDLGLFV,4
SLPDLGTCV,TLVDLGSVV,4
SLPDLGTCV,VILDLGLCV,4
SLVDLGTFL,SLWDRGVFL,3
SLVDLGTFL,SLWDVGTLL,3
SLVDLGTFL,TLQDLGLFV,4
SLVDLGTFL,TLVDLGMPM,4
SLVDLGTFL,TLVDLGSVV,4
SLVDLGTFL,VLWDRGTYL,4
SLWDRGVFL,SLWDVGTLL,3
SLWDRGVFL,VLWDRGTYL,3
SLWDRGVFL,VLWDRGVYL,2
SLWDVGTLL,TLWDWGTWM,4
SLWDVGTLL,VLWDRGTYL,3
SLWDVGTLL,VLWDRGVYL,4
SLYGFGSLV,SLYGFGSVV,1
SLYGFGSLV,TILGFGSEV,4
SLYGFGSLV,TIYGFGSVL,4
SLYGFGSLV,TLFGFGSLV,2
SLYGFGSLV,TLLGFGSCV,3
SLYGFGSLV,TLVGFGTAV,4
SLYGFGSLV,VILGFGSLM,4
SLYGFGSLV,VIVGFGSQV,4
SLYGFGSLV,VLLGYGSVV,4
SLYGFGSVV,TILGFGSEV,4
SLYGFGSVV,TIYGFGSVL,3
SLYGFGSVV,TLFGFGSLV,3
SLYGFGSVV,TLLGFGSCV,3
SLYGFGSVV,TLVDLGSVV,4
SLYGFGSVV,TLVGFGTAV,4
SLYGFGSVV,VIVGFGSQV,4
SLYGFGSVV,VLLGYGSVV,3
SMPDLGLLV,TLQDLGLFV,4
SMPDLGLLV,VILDLGLCV,4
TIDLGLLVL,TIDMGMQVV,4
TILDRGMHL,TLLDRGTRV,4
TILDRGMHL,VIVGFGMHL,4
TILGFGSEV,TIVGFGLWM,4
TILGFGSEV,TIYGFGSVL,3
TILGFGSEV,TLFGFGSLV,3
TILGFGSEV,TLLGFGSCV,2
TILGFGSEV,TLVGFGTAV,4
TILGFGSEV,VILAFGSSV,3
TILGFGSEV,VILAFGTHV,4
TILGFGSEV,VILGFGSAL,3
TILGFGSEV,VILGFGSAP,3
TILGFGSEV,VILGFGSLM,3
TILGFGSEV,VILGFGSPL,3
TILGFGSEV,VIVGFGSQV,3
TILGFGSEV,VLLGYGSVV,4
TIVGFGLWM,TIYGFGSVL,4
TIVGFGLWM,TLVGFGTAV,4
TIVGFGLWM,VILGFGSLM,4
TIVGFGLWM,VIVGFGMHL,4
TIVGFGLWM,VIVGFGSQV,4
TIYGFGSVL,TLFGFGSLV,4
TIYGFGSVL,TLLGFGSCV,4
TIYGFGSVL,VILGFGSAL,3
TIYGFGSVL,VILGFGSAP,4
TIYGFGSVL,VILGFGSLM,4
TIYGFGSVL,VILGFGSPL,3
TIYGFGSVL,VIVGFGMHL,4
TIYGFGSVL,VIVGFGSQV,4
TLFGFGSLV,TLLGFGSCV,2
TLFGFGSLV,TLVDLGSVV,4
TLFGFGSLV,TLVGFGTAV,3
TLFGFGSLV,VILGFGSLM,4
TLFGFGSLV,VIVGFGSQV,4
TLFGFGSLV,VLLGYGSVV,4
TLLDRGTRV,TLLGFGSCV,4
TLLDRGTRV,TLQDLGLFV,4
TLLDRGTRV,TLVDLGSVV,4
TLLDRGTRV,TLVGFGTAV,4
TLLDRGTRV,TLWDWGTWM,4
TLLDRGTRV,VLLDIGGWV,4
TLLDRGTRV,VLLDIGSWV,4
TLLDRGTRV,VLWDRGTYL,4
TLLGFGSCV,TLVDLGSVV,4
TLLGFGSCV,TLVGFGTAV,3
TLLGFGSCV,VILAFGSSV,4
TLLGFGSCV,VILGFGSAL,4
TLLGFGSCV,VILGFGSAP,4
TLLGFGSCV,VILGFGSLM,4
TLLGFGSCV,VILGFGSPL,4
TLLGFGSCV,VIVGFGSQV,4
TLLGFGSCV,VLLDIGSWV,4
TLLGFGSCV,VLLGYGSVV,3
TLQDLGLFV,TLVDLGMPM,4
TLQDLGLFV,TLVDLGSVV,3
TLQDLGLFV,VILDLGLCV,4
TLQDLGLFV,VIMDIGLFV,4
TLQDLGLFV,VIYDLGSFV,4
TLVDLGMPM,TLVDLGSVV,3
TLVDLGMPM,TLWDWGTWM,4
TLVDLGSVV,TLVGFGTAV,4
TLVDLGSVV,VIYDLGSFV,4
TLVDLGSVV,VLHDMGSHV,4
TLVDLGSVV,VLLDIGSWV,4
TLVDLGSVV,VLLGYGSVV,4
TLVGFGTAV,VIVGFGSQV,4
TLWDWGTWM,VLWDRGTYL,4
TLWDWGTWM,VMWDRGTYM,4
VILAFGSSV,VILAFGTHV,2
VILAFGSSV,VILDLGLCV,4
VILAFGSSV,VILGFGSAL,3
VILAFGSSV,VILGFGSAP,3
VILAFGSSV,VILGFGSLM,3
VILAFGSSV,VILGFGSPL,3
VILAFGSSV,VIVGFGSQV,3
VILAFGSSV,VIYDLGSFV,4
VILAFGSSV,VLLDIGSWV,4
VILAFGSSV,VLLGYGSVV,4
VILAFGTHV,VILDLGLCV,4
VILAFGTHV,VILGFGSAL,4
VILAFGTHV,VILGFGSAP,4
VILAFGTHV,VILGFGSLM,4
VILAFGTHV,VILGFGSPL,4
VILAFGTHV,VIVGFGMHL,4
VILAFGTHV,VIVGFGSQV,4
VILDLGLCV,VIMDIGLFV,3
VILDLGLCV,VIYDLGSFV,3
VILDLGLCV,VLLDIGGWV,4
VILDLGLCV,VLLDIGSWV,4
VILGFGSAL,VILGFGSAP,1
VILGFGSAL,VILGFGSLM,2
VILGFGSAL,VILGFGSPL,1
VILGFGSAL,VIVGFGMHL,3
VILGFGSAL,VIVGFGSQV,3
VILGFGSAL,VLLGYGSVV,4
VILGFGSAP,VILGFGSLM,2
VILGFGSAP,VILGFGSPL,2
VILGFGSAP,VIVGFGMHL,4
VILGFGSAP,VIVGFGSQV,3
VILGFGSAP,VLLGYGSVV,4
VILGFGSLM,VILGFGSPL,2
VILGFGSLM,VIVGFGMHL,4
VILGFGSLM,VIVGFGSQV,3
VILGFGSLM,VLLGYGSVV,4
VILGFGSPL,VIVGFGMHL,3
VILGFGSPL,VIVGFGSQV,3
VILGFGSPL,VLFGIGAPL,4
VILGFGSPL,VLLGYGSVV,4
VIMDIGLFV,VIYDLGSFV,3
VIMDIGLFV,VLLDIGGWV,4
VIMDIGLFV,VLLDIGSWV,4
VIVGFGMHL,VIVGFGSQV,3
VIVGFGSQV,VIYDLGSFV,4
VIVGFGSQV,VLLGYGSVV,4
VIYDLGSFV,VLHDMGSHV,4
VIYDLGSFV,VLLDIGSWV,4
VLHDMGSHV,VLLDIGGWV,4
VLHDMGSHV,VLLDIGSWV,3
VLHDMGSHV,VLLGYGSVV,4
VLLDIGGWV,VLLDIGSWV,1
VLLDIGGWV,VLLGYGSVV,4
VLLDIGSWV,VLLGYGSVV,3
VLWDRGTYL,VLWDRGVYL,1
VLWDRGTYL,VMWDRGTYM,2
VLWDRGVYL,VMWDRGTYM,3
